/*M!999999\- enable the sandbox mode */ 
-- MariaDB dump 10.19-11.8.5-MariaDB, for debian-linux-gnu (x86_64)
--
-- Host: localhost    Database: agenda_octane
-- ------------------------------------------------------
-- Server version	11.8.5-MariaDB-ubu2404

/*!40101 SET @OLD_CHARACTER_SET_CLIENT=@@CHARACTER_SET_CLIENT */;
/*!40101 SET @OLD_CHARACTER_SET_RESULTS=@@CHARACTER_SET_RESULTS */;
/*!40101 SET @OLD_COLLATION_CONNECTION=@@COLLATION_CONNECTION */;
/*!40101 SET NAMES utf8mb4 */;
/*!40103 SET @OLD_TIME_ZONE=@@TIME_ZONE */;
/*!40103 SET TIME_ZONE='+00:00' */;
/*!40014 SET @OLD_UNIQUE_CHECKS=@@UNIQUE_CHECKS, UNIQUE_CHECKS=0 */;
/*!40014 SET @OLD_FOREIGN_KEY_CHECKS=@@FOREIGN_KEY_CHECKS, FOREIGN_KEY_CHECKS=0 */;
/*!40101 SET @OLD_SQL_MODE=@@SQL_MODE, SQL_MODE='NO_AUTO_VALUE_ON_ZERO' */;
/*M!100616 SET @OLD_NOTE_VERBOSITY=@@NOTE_VERBOSITY, NOTE_VERBOSITY=0 */;

--
-- Table structure for table `Barbero`
--

DROP TABLE IF EXISTS `Barbero`;
/*!40101 SET @saved_cs_client     = @@character_set_client */;
/*!40101 SET character_set_client = utf8mb4 */;
CREATE TABLE `Barbero` (
  `id` int(11) NOT NULL AUTO_INCREMENT,
  `nombre` varchar(191) NOT NULL,
  `horario_inicio` varchar(191) NOT NULL,
  `horario_fin` varchar(191) NOT NULL,
  `dias_laborales` varchar(191) NOT NULL DEFAULT '[]',
  `duracion_cita` int(11) NOT NULL,
  `userId` int(11) DEFAULT NULL,
  `createdAt` datetime(3) NOT NULL DEFAULT current_timestamp(3),
  `updatedAt` datetime(3) NOT NULL DEFAULT current_timestamp(3) ON UPDATE current_timestamp(3),
  `businessId` int(11) NOT NULL DEFAULT 1,
  PRIMARY KEY (`id`),
  UNIQUE KEY `Barbero_userId_key` (`userId`),
  KEY `Barbero_businessId_idx` (`businessId`),
  CONSTRAINT `Barbero_businessId_fkey` FOREIGN KEY (`businessId`) REFERENCES `Business` (`id`) ON UPDATE CASCADE,
  CONSTRAINT `Barbero_userId_fkey` FOREIGN KEY (`userId`) REFERENCES `User` (`id`) ON DELETE SET NULL ON UPDATE CASCADE
) ENGINE=InnoDB AUTO_INCREMENT=13 DEFAULT CHARSET=utf8mb4 COLLATE=utf8mb4_unicode_ci;
/*!40101 SET character_set_client = @saved_cs_client */;

--
-- Dumping data for table `Barbero`
--

LOCK TABLES `Barbero` WRITE;
/*!40000 ALTER TABLE `Barbero` DISABLE KEYS */;
set autocommit=0;
INSERT INTO `Barbero` VALUES
(1,'Barbero Axel Sáenz 🔱','13:00','20:00','[\"monday\",\"tuesday\",\"friday\",\"saturday\",\"wednesday\",\"thursday\"]',30,3,'2025-11-27 16:50:22.538','2026-01-14 08:56:47.149',1),
(2,'Barbero André Rentería  🔱','11:00','20:00','[\"wednesday\",\"thursday\",\"saturday\",\"monday\",\"tuesday\",\"friday\"]',30,4,'2025-11-27 17:09:13.921','2026-04-09 02:15:43.187',1),
(3,'Barbero Giovanni Melendez 🔱','10:00','19:00','[\"tuesday\",\"friday\",\"saturday\",\"wednesday\",\"thursday\"]',30,5,'2025-11-27 17:53:29.167','2026-04-12 19:19:32.235',1),
(4,'Barbero Julian Escandon 🔱','14:30','19:30','[\"monday\",\"friday\",\"saturday\",\"sunday\",\"tuesday\",\"wednesday\",\"thursday\"]',30,6,'2025-11-27 17:56:50.978','2026-01-27 06:07:47.105',1),
(5,'Azucena Villareal  (En Chihuahua 📍)','10:00','18:00','[\"monday\",\"wednesday\",\"thursday\",\"friday\",\"saturday\"]',30,8,'2025-11-28 19:03:12.474','2025-11-28 20:04:04.172',2),
(6,'Azucena Villareal (En Cuauhtémoc 📍)','11:00','13:00','[\"tuesday\"]',30,9,'2025-11-28 19:04:46.169','2025-11-28 20:03:06.505',2),
(7,'TeleConsulta con la Dra. Caraveo','03:00','16:00','[\"monday\",\"tuesday\",\"wednesday\",\"thursday\",\"friday\",\"saturday\"]',15,11,'2025-12-29 20:54:24.893','2025-12-29 21:08:21.176',3),
(8,'Consulta Presencial con la Dra. Caraveo','05:30','20:00','[\"monday\",\"tuesday\",\"wednesday\",\"thursday\",\"friday\"]',30,12,'2025-12-29 21:05:21.475','2025-12-29 21:05:21.475',3),
(9,'Alejandro Baca','09:00','18:00','[\"monday\",\"tuesday\",\"wednesday\",\"thursday\",\"friday\"]',30,14,'2026-01-21 21:23:28.107','2026-01-21 21:23:28.107',4),
(10,'Dra. Ingrid Hernandez / En Chihuahua','10:00','17:00','[\"monday\",\"tuesday\",\"wednesday\",\"thursday\"]',60,16,'2026-03-07 22:30:30.927','2026-03-08 01:38:08.539',5),
(11,'Dra. Ingrid Hernandez / en Delicias','10:00','17:00','[\"friday\"]',60,17,'2026-03-07 22:32:11.432','2026-03-08 01:37:23.726',5),
(12,'Fumigación Total','08:00','16:00','[\"monday\",\"tuesday\",\"wednesday\",\"thursday\",\"friday\",\"saturday\"]',60,19,'2026-03-17 20:10:56.232','2026-03-17 20:10:56.232',6);
/*!40000 ALTER TABLE `Barbero` ENABLE KEYS */;
UNLOCK TABLES;
commit;

--
-- Table structure for table `Business`
--

DROP TABLE IF EXISTS `Business`;
/*!40101 SET @saved_cs_client     = @@character_set_client */;
/*!40101 SET character_set_client = utf8mb4 */;
CREATE TABLE `Business` (
  `id` int(11) NOT NULL AUTO_INCREMENT,
  `name` varchar(191) NOT NULL,
  `slug` varchar(191) NOT NULL,
  `createdAt` datetime(3) NOT NULL DEFAULT current_timestamp(3),
  `updatedAt` datetime(3) NOT NULL,
  `giro` varchar(191) NOT NULL DEFAULT 'Barbería',
  `status` varchar(191) NOT NULL DEFAULT 'ACTIVE',
  PRIMARY KEY (`id`),
  UNIQUE KEY `Business_slug_key` (`slug`)
) ENGINE=InnoDB AUTO_INCREMENT=8 DEFAULT CHARSET=utf8mb4 COLLATE=utf8mb4_unicode_ci;
/*!40101 SET character_set_client = @saved_cs_client */;

--
-- Dumping data for table `Business`
--

LOCK TABLES `Business` WRITE;
/*!40000 ALTER TABLE `Business` DISABLE KEYS */;
set autocommit=0;
INSERT INTO `Business` VALUES
(1,'Olimpo','Olimpo','2025-11-26 20:03:44.875','2025-11-26 20:03:44.875','Barbería','ACTIVE'),
(2,'Unica Studio','unica','2025-11-28 19:01:06.646','2025-11-28 19:01:06.646','Studio de belleza','ACTIVE'),
(3,'Alebrije Centro Pediatrico ','alebrije','2025-12-29 20:51:20.790','2025-12-29 20:51:20.790','Consultorio Medico','ACTIVE'),
(4,'Octane BarberShop','octane','2026-01-21 21:21:01.404','2026-01-21 21:21:01.404','Barbería','ACTIVE'),
(5,'Centro Kintsugui','kintsugui','2026-03-07 22:25:57.736','2026-03-07 22:25:57.736','Centro terapéutico','ACTIVE'),
(6,'Fumigación Total','total','2026-03-17 20:07:02.928','2026-03-17 20:07:02.928','Fumigaciones','ACTIVE'),
(7,'Doble xx ','d','2026-03-29 07:33:01.922','2026-03-29 07:33:01.922','Consultorio Medico','ACTIVE');
/*!40000 ALTER TABLE `Business` ENABLE KEYS */;
UNLOCK TABLES;
commit;

--
-- Table structure for table `BusinessSetting`
--

DROP TABLE IF EXISTS `BusinessSetting`;
/*!40101 SET @saved_cs_client     = @@character_set_client */;
/*!40101 SET character_set_client = utf8mb4 */;
CREATE TABLE `BusinessSetting` (
  `id` int(11) NOT NULL AUTO_INCREMENT,
  `key` varchar(191) NOT NULL,
  `value` varchar(191) NOT NULL,
  `createdAt` datetime(3) NOT NULL DEFAULT current_timestamp(3),
  `updatedAt` datetime(3) NOT NULL DEFAULT current_timestamp(3) ON UPDATE current_timestamp(3),
  `businessId` int(11) NOT NULL DEFAULT 1,
  PRIMARY KEY (`id`),
  UNIQUE KEY `BusinessSetting_businessId_key_key` (`businessId`,`key`),
  CONSTRAINT `BusinessSetting_businessId_fkey` FOREIGN KEY (`businessId`) REFERENCES `Business` (`id`) ON UPDATE CASCADE
) ENGINE=InnoDB AUTO_INCREMENT=37 DEFAULT CHARSET=utf8mb4 COLLATE=utf8mb4_unicode_ci;
/*!40101 SET character_set_client = @saved_cs_client */;

--
-- Dumping data for table `BusinessSetting`
--

LOCK TABLES `BusinessSetting` WRITE;
/*!40000 ALTER TABLE `BusinessSetting` DISABLE KEYS */;
set autocommit=0;
INSERT INTO `BusinessSetting` VALUES
(1,'businessName','Barbería Olimpo','2025-11-26 20:03:44.881','2026-04-09 22:08:24.346',1),
(2,'businessPhone','6141530517','2025-11-26 20:03:44.881','2026-04-09 22:08:24.346',1),
(3,'businessAddress','Plaza Maestra, C. Colegio de San Ildefonso, Misión Universidad II, 31124 Chihuahua, Chih','2025-11-26 20:03:44.881','2026-04-09 22:08:24.346',1),
(4,'whatsappSender','+526141530517','2025-11-26 20:03:44.881','2026-04-09 22:08:24.346',1),
(5,'whatsapp_pending_setup','false','2025-11-27 16:55:13.281','2026-04-09 22:08:24.348',1),
(6,'whatsappToken','vw66IxcS4vQVNvAMfgwnlhtf5OC1uM','2025-11-27 17:34:07.236','2026-04-09 22:08:24.428',1),
(7,'businessName','Unica Studio','2025-11-28 19:01:06.656','2025-11-28 19:17:31.530',2),
(8,'businessPhone','6145144224','2025-11-28 19:01:06.656','2025-11-28 19:17:31.530',2),
(9,'businessAddress','','2025-11-28 19:01:06.656','2025-11-28 19:17:31.530',2),
(10,'whatsappSender','6143815889','2025-11-28 19:01:06.656','2025-11-28 19:17:31.530',2),
(11,'whatsappToken','unicastudio','2025-11-28 19:17:31.530','2025-11-28 19:17:31.530',2),
(12,'businessName','Alebrije Centro Pediatrico ','2025-12-29 20:51:20.801','2025-12-29 21:03:05.781',3),
(13,'businessPhone','(614) 354 8729','2025-12-29 20:51:20.801','2025-12-29 21:03:05.780',3),
(14,'businessAddress','Calle Juarez y 4ta, Col. Centro, Alama, Chihuahua.','2025-12-29 20:51:20.801','2025-12-29 21:03:05.781',3),
(15,'whatsappSender','(614) 354 8729','2025-12-29 20:51:20.801','2025-12-29 21:03:05.781',3),
(16,'whatsappToken','','2025-12-29 21:02:11.986','2025-12-29 21:03:05.782',3),
(17,'businessName','Octane BarberShop','2026-01-21 21:21:02.007','2026-03-27 20:31:03.967',4),
(18,'businessPhone','6271310248','2026-01-21 21:21:02.007','2026-03-27 20:31:03.967',4),
(19,'businessAddress','Israel 2811','2026-01-21 21:21:02.007','2026-03-27 20:31:03.967',4),
(20,'whatsappSender','+526271310248','2026-01-21 21:21:02.007','2026-03-27 20:31:03.967',4),
(21,'whatsappToken','Alex2','2026-01-21 21:22:28.007','2026-03-27 20:31:03.967',4),
(22,'whatsapp_pending_setup','true','2026-01-21 21:24:08.905','2026-03-27 20:31:03.967',4),
(23,'businessName','Centro Terapeutico Kintsugui','2026-03-07 22:25:57.832','2026-03-08 01:38:49.729',5),
(24,'businessPhone','+526142801173','2026-03-07 22:25:57.832','2026-03-08 01:38:49.818',5),
(25,'businessAddress','Calle Dr Salk 6313, Norte I, 31100 Chihuahua, Chih.','2026-03-07 22:25:57.832','2026-03-08 01:38:49.729',5),
(26,'whatsappSender','+526142801173','2026-03-07 22:25:57.832','2026-03-08 01:38:49.729',5),
(27,'whatsappToken','AgendaKintsugui2026#','2026-03-07 22:47:44.635','2026-03-08 01:38:49.729',5),
(28,'businessName','Fumigación Total','2026-03-17 20:07:02.937','2026-03-17 20:23:03.323',6),
(29,'businessPhone','526141977437','2026-03-17 20:07:02.937','2026-03-17 20:23:03.323',6),
(30,'businessAddress','Israel 2811','2026-03-17 20:07:02.937','2026-03-17 20:23:03.323',6),
(31,'whatsappSender','526141977437','2026-03-17 20:07:02.937','2026-03-17 20:23:03.324',6),
(32,'whatsappToken','total2026','2026-03-17 20:23:00.027','2026-03-17 20:23:03.419',6),
(33,'businessName','Doble xx ','2026-03-29 07:33:02.026','2026-03-29 07:33:02.026',7),
(34,'businessPhone','6145327487','2026-03-29 07:33:02.026','2026-03-29 07:33:02.026',7),
(35,'businessAddress','','2026-03-29 07:33:02.026','2026-03-29 07:33:02.026',7),
(36,'whatsappSender','','2026-03-29 07:33:02.026','2026-03-29 07:33:02.026',7);
/*!40000 ALTER TABLE `BusinessSetting` ENABLE KEYS */;
UNLOCK TABLES;
commit;

--
-- Table structure for table `Cita`
--

DROP TABLE IF EXISTS `Cita`;
/*!40101 SET @saved_cs_client     = @@character_set_client */;
/*!40101 SET character_set_client = utf8mb4 */;
CREATE TABLE `Cita` (
  `id` int(11) NOT NULL AUTO_INCREMENT,
  `barbero_id` int(11) NOT NULL,
  `servicio_id` int(11) DEFAULT NULL,
  `cliente` varchar(191) NOT NULL,
  `telefono` varchar(191) NOT NULL,
  `fecha` datetime(3) NOT NULL,
  `hora` varchar(191) NOT NULL,
  `estado` varchar(191) NOT NULL DEFAULT 'confirmada',
  `recordatorioEnviado` tinyint(1) NOT NULL DEFAULT 0,
  `createdAt` datetime(3) NOT NULL DEFAULT current_timestamp(3),
  `updatedAt` datetime(3) NOT NULL DEFAULT current_timestamp(3) ON UPDATE current_timestamp(3),
  `businessId` int(11) NOT NULL DEFAULT 1,
  `duracionTotal` int(11) NOT NULL DEFAULT 0,
  PRIMARY KEY (`id`),
  KEY `Cita_barbero_id_fecha_idx` (`barbero_id`,`fecha`),
  KEY `Cita_businessId_idx` (`businessId`),
  KEY `Cita_servicio_id_fkey` (`servicio_id`),
  CONSTRAINT `Cita_barbero_id_fkey` FOREIGN KEY (`barbero_id`) REFERENCES `Barbero` (`id`) ON UPDATE CASCADE,
  CONSTRAINT `Cita_businessId_fkey` FOREIGN KEY (`businessId`) REFERENCES `Business` (`id`) ON UPDATE CASCADE,
  CONSTRAINT `Cita_servicio_id_fkey` FOREIGN KEY (`servicio_id`) REFERENCES `Servicio` (`id`) ON DELETE SET NULL ON UPDATE CASCADE
) ENGINE=InnoDB AUTO_INCREMENT=853 DEFAULT CHARSET=utf8mb4 COLLATE=utf8mb4_unicode_ci;
/*!40101 SET character_set_client = @saved_cs_client */;

--
-- Dumping data for table `Cita`
--

LOCK TABLES `Cita` WRITE;
/*!40000 ALTER TABLE `Cita` DISABLE KEYS */;
set autocommit=0;
INSERT INTO `Cita` VALUES
(1,1,1,'Alex Baca','6271310248','2025-12-03 00:00:00.000','13:00','cancelada',0,'2025-11-27 16:55:12.449','2025-11-27 20:06:51.369',1,0),
(2,2,3,'Alex baca','6271310248','2025-11-27 00:00:00.000','12:00','cancelada',0,'2025-11-27 17:34:59.355','2025-12-09 01:07:30.422',1,0),
(3,2,2,'Alex Baca','526271310248','2025-11-27 00:00:00.000','13:00','cancelada',0,'2025-11-27 17:37:25.966','2025-11-27 18:05:41.065',1,0),
(4,2,2,'Alex Baca','526271310248','2025-11-27 00:00:00.000','19:00','cancelada',0,'2025-11-27 18:22:26.008','2025-11-27 20:06:23.945',1,0),
(5,2,1,'Edmundo Santiesteban','526141590034','2025-11-27 00:00:00.000','12:30','cancelada',0,'2025-11-27 18:25:32.559','2025-11-27 18:42:20.721',1,0),
(6,2,2,'Alex baca','526271310428','2025-11-28 00:00:00.000','13:00','cancelada',0,'2025-11-27 18:56:28.600','2025-11-27 20:06:40.588',1,0),
(7,2,7,'Alejandro Baca','526271310248','2025-11-28 00:00:00.000','13:30','cancelada',0,'2025-11-27 18:58:32.243','2025-11-27 20:06:45.301',1,0),
(8,2,1,'André Rentería','526145471908','2025-11-27 00:00:00.000','14:00','cancelada',0,'2025-11-27 19:06:19.654','2025-11-27 19:37:13.147',1,0),
(9,1,1,'Stevan nevares','526141300304','2025-11-27 00:00:00.000','14:30','pendiente',0,'2025-11-27 19:12:13.236','2025-11-27 19:12:13.236',1,0),
(10,2,3,'Alex baca','526271310248','2025-11-27 00:00:00.000','14:30','pendiente',0,'2025-11-27 19:13:53.385','2025-11-27 19:13:53.385',1,0),
(11,2,3,'Alex','526271310248','2025-11-27 00:00:00.000','16:00','cancelada',0,'2025-11-27 19:17:02.809','2025-11-27 20:01:54.261',1,0),
(12,2,1,'Dillan Rios','526251116694','2025-11-27 00:00:00.000','14:00','confirmada',0,'2025-11-27 19:38:17.798','2025-11-27 19:38:59.963',1,0),
(13,2,1,'Marco Ordullo','526142273552','2025-11-27 00:00:00.000','19:30','pendiente',0,'2025-11-27 19:38:57.388','2025-11-27 19:38:57.388',1,0),
(14,2,1,'André Rentería','526145471908','2025-11-28 00:00:00.000','11:30','pendiente',1,'2025-11-27 19:58:32.272','2025-11-28 10:25:02.003',1,0),
(15,2,1,'André Rentería','526145471908','2025-11-28 00:00:00.000','12:00','confirmada',1,'2025-11-27 19:59:02.582','2025-11-28 10:55:02.018',1,0),
(16,2,1,'André Rentería','526145471908','2025-11-29 00:00:00.000','16:30','pendiente',1,'2025-11-27 19:59:40.418','2025-11-29 15:25:01.253',1,0),
(17,1,2,'Raúl Rascón','526145471908','2025-11-27 00:00:00.000','18:30','pendiente',0,'2025-11-27 22:06:51.183','2025-11-27 22:06:51.183',1,0),
(18,2,1,'Angel Ortiz','526141979059','2025-11-28 00:00:00.000','12:30','pendiente',1,'2025-11-27 23:25:33.628','2025-11-28 11:25:02.394',1,0),
(19,2,2,'Alex Baca','526271310248','2025-11-27 00:00:00.000','18:00','pendiente',0,'2025-11-27 23:43:58.323','2025-11-27 23:43:58.323',1,45),
(20,1,1,'Alex Baca','526271310248','2025-11-28 00:00:00.000','14:00','confirmada',1,'2025-11-27 23:45:50.013','2025-11-28 12:55:01.205',1,60),
(21,2,1,'Juan hernandez','526145234812','2025-11-27 00:00:00.000','19:00','confirmada',0,'2025-11-28 00:00:05.610','2025-11-28 00:02:36.120',1,30),
(22,1,1,'André Rentería','526145471908','2025-11-27 00:00:00.000','19:00','pendiente',0,'2025-11-28 00:01:26.559','2025-11-28 00:01:26.559',1,30),
(23,3,1,'André Rentería','526145471908','2025-11-27 00:00:00.000','18:30','pendiente',0,'2025-11-28 00:01:51.316','2025-11-28 00:01:51.316',1,30),
(24,2,2,'André Rentería','526145471908','2025-11-28 00:00:00.000','11:00','confirmada',1,'2025-11-28 05:01:31.748','2025-11-28 15:05:11.161',1,30),
(25,4,1,'Daniel Lerma','526141561532','2025-11-28 00:00:00.000','09:00','confirmada',0,'2025-11-28 14:07:50.275','2025-11-28 14:34:13.105',1,30),
(26,2,3,'Juan Pablo Noriega','526261067451','2025-11-28 00:00:00.000','17:30','pendiente',0,'2025-11-28 17:28:08.964','2025-11-28 17:28:08.964',1,60),
(27,2,3,'Edmundo Santiesteban','526141590034','2025-12-31 00:00:00.000','11:00','pendiente',1,'2025-11-28 18:21:34.095','2025-12-31 09:55:10.960',1,60),
(28,6,9,'Mamá Irma','526145144224','2025-12-23 00:00:00.000','11:00','pendiente',1,'2025-11-28 20:08:41.796','2025-12-23 09:55:01.656',2,120),
(29,2,1,'Gerardo Jiménez','526142030334','2025-11-29 00:00:00.000','11:30','pendiente',1,'2025-11-28 20:43:08.060','2025-11-29 10:25:01.762',1,30),
(30,2,1,'Emilio Mata','526484691375','2025-11-28 00:00:00.000','18:30','pendiente',0,'2025-11-28 23:55:33.110','2025-11-28 23:55:33.110',1,30),
(31,2,3,'CARLOS ESCARCEGA RAMOS','526141971391','2025-11-28 00:00:00.000','19:00','pendiente',0,'2025-11-29 00:55:07.765','2025-11-29 00:55:07.765',1,60),
(32,2,3,'Bloqueo','526145471908','2025-11-29 00:00:00.000','12:00','pendiente',1,'2025-11-29 01:31:56.228','2025-11-29 10:55:01.765',1,60),
(33,2,3,'Bloqueo','526145471908','2025-11-29 00:00:00.000','13:00','pendiente',1,'2025-11-29 01:32:21.397','2025-11-29 11:55:02.006',1,60),
(34,2,1,'Bloqueo','526145471908','2025-11-29 00:00:00.000','14:00','cancelada',0,'2025-11-29 01:32:43.884','2025-11-29 01:34:03.751',1,90),
(35,2,2,'Bloqueo','526145471908','2025-11-29 00:00:00.000','11:00','pendiente',1,'2025-11-29 01:33:14.579','2025-11-29 09:55:01.895',1,30),
(36,2,1,'bloqueo','526145471908','2025-11-29 00:00:00.000','14:00','pendiente',1,'2025-11-29 01:34:28.696','2025-11-29 12:55:02.102',1,30),
(37,2,1,'Jesús Campos','526143036977','2025-11-29 00:00:00.000','14:30','confirmada',1,'2025-11-29 02:21:28.974','2025-11-29 13:25:02.034',1,30),
(38,2,1,'Héctor Madrid','526141374683','2025-11-29 00:00:00.000','15:00','pendiente',1,'2025-11-29 05:00:49.072','2025-11-29 13:55:02.140',1,60),
(39,4,1,'Cesar','526143030678','2025-11-29 00:00:00.000','09:00','confirmada',0,'2025-11-29 13:50:08.211','2025-11-29 14:39:06.627',1,30),
(40,2,1,'Yahir Grijalva','526142951576','2025-11-29 00:00:00.000','17:00','confirmada',0,'2025-11-29 17:20:25.344','2025-11-29 17:20:44.979',1,30),
(41,2,1,'Guillermo Castellanos','526141070398','2025-11-29 00:00:00.000','19:00','confirmada',0,'2025-11-29 19:05:50.054','2025-11-29 19:45:10.536',1,30),
(42,2,1,'Mauricio Castellanos','526141070398','2025-11-29 00:00:00.000','19:30','confirmada',0,'2025-11-29 19:06:19.325','2025-11-29 19:45:16.723',1,30),
(43,2,3,'Eduardo Galaviz','526143021759','2025-11-29 00:00:00.000','18:00','confirmada',0,'2025-11-29 19:37:50.492','2025-11-29 19:45:23.605',1,60),
(44,2,1,'Tadeo Galaviz','526143021759','2025-12-01 00:00:00.000','15:30','confirmada',1,'2025-12-01 03:30:59.737','2025-12-01 14:25:02.360',1,30),
(45,2,1,'Gerardo Jiménez','526142030334','2025-12-02 00:00:00.000','17:30','confirmada',1,'2025-12-01 03:31:53.397','2025-12-02 16:25:01.463',1,30),
(46,2,1,'Gabriel','526143037344','2025-12-01 00:00:00.000','17:00','cancelada',0,'2025-12-01 03:32:49.868','2025-12-01 03:35:15.021',1,30),
(47,2,1,'Gabriel','526143037344','2025-12-01 00:00:00.000','16:00','confirmada',1,'2025-12-01 03:34:38.166','2025-12-01 14:55:01.222',1,30),
(48,2,1,'Gabriel','526143037344','2025-12-01 00:00:00.000','16:30','confirmada',1,'2025-12-01 03:35:02.886','2025-12-01 15:25:01.158',1,30),
(49,2,3,'Bloqueo','526145471908','2025-12-01 00:00:00.000','11:00','pendiente',1,'2025-12-01 08:17:16.422','2025-12-01 09:55:01.568',1,60),
(50,2,1,'Diego','526145479108','2025-12-01 00:00:00.000','18:00','pendiente',0,'2025-12-01 18:53:19.253','2025-12-01 18:53:19.253',1,30),
(51,2,1,'Íker Villalobos','526142782630','2025-12-01 00:00:00.000','17:00','pendiente',0,'2025-12-01 19:27:56.865','2025-12-01 19:27:56.865',1,30),
(52,2,1,'Andrik Saenz','526563953078','2025-12-01 00:00:00.000','14:00','pendiente',0,'2025-12-01 19:31:58.139','2025-12-01 19:31:58.139',1,30),
(53,2,3,'Luis Perez','526141422064','2025-12-01 00:00:00.000','18:30','pendiente',0,'2025-12-01 21:03:27.145','2025-12-01 21:03:27.145',1,60),
(54,2,1,'Marco Villalobos','526391555255','2025-12-01 00:00:00.000','19:30','pendiente',0,'2025-12-02 00:42:16.110','2025-12-02 00:42:16.110',1,30),
(55,2,1,'Regino','526141718197','2025-12-02 00:00:00.000','16:00','confirmada',1,'2025-12-02 14:34:06.328','2025-12-02 15:52:41.460',1,30),
(56,2,1,'Jesús Daniel Hernández Grajeda','526141988462','2025-12-02 00:00:00.000','18:00','confirmada',1,'2025-12-02 15:21:18.605','2025-12-02 16:55:01.363',1,30),
(57,6,12,'Cristina Sotelo','526255914089','2025-12-02 00:00:00.000','11:30','pendiente',0,'2025-12-02 15:23:03.387','2025-12-02 15:23:03.387',2,20),
(58,2,1,'Sergio Panduro','526141612322','2025-12-02 00:00:00.000','12:30','cancelada',0,'2025-12-02 18:08:03.041','2025-12-02 18:08:40.207',1,30),
(59,2,1,'Sergio Panduro','526141612322','2025-12-02 00:00:00.000','12:30','confirmada',0,'2025-12-02 18:09:36.804','2025-12-02 18:10:02.055',1,30),
(60,2,1,'Jesús Burciaga','526141564361','2025-12-03 00:00:00.000','18:30','confirmada',1,'2025-12-02 20:04:35.822','2025-12-03 17:25:02.204',1,30),
(61,2,1,'Ethan Zamarrón','526143274710','2025-12-02 00:00:00.000','17:00','confirmada',0,'2025-12-02 22:20:39.962','2025-12-02 22:22:37.584',1,30),
(62,2,1,'Eduardo','526146067522','2025-12-02 00:00:00.000','16:30','confirmada',0,'2025-12-02 22:23:05.213','2025-12-02 22:23:23.087',1,30),
(63,2,1,'Cesar Villalobos','526272794709','2025-12-02 00:00:00.000','18:30','pendiente',0,'2025-12-02 23:10:12.707','2025-12-02 23:10:12.707',1,30),
(64,3,1,'Víctor Avitia','526141875694','2025-12-02 00:00:00.000','18:30','confirmada',0,'2025-12-03 00:07:08.794','2025-12-03 01:05:21.583',1,30),
(65,2,1,'Víctor Avitia','526141875694','2025-12-02 00:00:00.000','19:00','pendiente',0,'2025-12-03 00:23:09.025','2025-12-03 00:23:09.025',1,30),
(66,5,14,'TERESITA RAMIREZ','526144574688','2025-12-08 00:00:00.000','12:00','pendiente',1,'2025-12-03 01:09:12.978','2025-12-08 10:55:01.274',2,180),
(67,2,3,'Bloqueo','526145471908','2025-12-03 00:00:00.000','11:00','pendiente',0,'2025-12-03 16:08:01.424','2025-12-03 16:08:01.424',1,60),
(68,2,3,'Bloqueo','526145471908','2025-12-03 00:00:00.000','12:00','pendiente',0,'2025-12-03 16:08:25.391','2025-12-03 16:08:25.391',1,60),
(69,2,3,'Fernanddo rodriguez','524329343151','2025-12-03 00:00:00.000','13:00','pendiente',0,'2025-12-03 16:12:58.514','2025-12-03 16:12:58.514',1,60),
(70,2,1,'Luis Blanco','526144669343','2025-12-03 00:00:00.000','19:00','confirmada',0,'2025-12-03 22:11:12.817','2025-12-03 22:12:07.032',1,30),
(71,2,1,'Angel Blanco','526144669343','2025-12-03 00:00:00.000','19:30','confirmada',0,'2025-12-03 22:11:45.751','2025-12-03 22:12:13.838',1,30),
(72,2,1,'Gael Cordova','526481001189','2025-12-03 00:00:00.000','16:30','confirmada',0,'2025-12-03 22:14:00.361','2025-12-03 22:15:38.665',1,30),
(73,2,3,'Bloqueo','526145471908','2025-12-03 00:00:00.000','17:00','pendiente',0,'2025-12-03 22:14:47.970','2025-12-03 22:14:47.970',1,60),
(74,1,1,'Alan Perales','526141293671','2025-12-04 00:00:00.000','18:00','pendiente',1,'2025-12-03 23:27:45.146','2025-12-04 16:55:01.597',1,30),
(75,2,1,'Luis Omar Chavez Robledo','526141386621','2025-12-03 00:00:00.000','18:00','confirmada',0,'2025-12-03 23:40:48.193','2025-12-03 23:54:01.702',1,30),
(76,2,1,'Raúl Núñez','526142689949','2025-12-05 00:00:00.000','12:00','pendiente',1,'2025-12-04 00:25:06.090','2025-12-05 10:57:10.631',1,30),
(77,2,3,'Bloqueo','526145471908','2025-12-04 00:00:00.000','11:00','pendiente',1,'2025-12-04 03:02:36.727','2025-12-04 09:55:01.561',1,60),
(78,2,3,'Bloqueo','526145471908','2025-12-04 00:00:00.000','12:00','pendiente',1,'2025-12-04 03:02:56.506','2025-12-04 10:55:01.474',1,60),
(79,2,1,'Juan Aguirre','526145046958','2025-12-04 00:00:00.000','19:00','confirmada',0,'2025-12-04 20:18:03.971','2025-12-04 20:18:25.749',1,30),
(80,2,1,'Sergio','526142697866','2025-12-04 00:00:00.000','18:30','confirmada',0,'2025-12-04 21:31:52.806','2025-12-04 21:32:33.839',1,30),
(81,2,1,'bloqueo','526145471908','2025-12-05 00:00:00.000','11:00','pendiente',0,'2025-12-05 15:06:27.395','2025-12-05 15:06:27.395',1,30),
(82,2,1,'Bloqueo','526145479108','2025-12-05 00:00:00.000','11:30','cancelada',0,'2025-12-05 15:06:55.544','2025-12-05 15:07:07.803',1,30),
(83,2,1,'bloqueo','526145471908','2025-12-05 00:00:00.000','11:30','pendiente',0,'2025-12-05 15:07:30.967','2025-12-05 15:07:30.967',1,30),
(84,2,1,'Ángel Ortiz','526141979059','2025-12-05 00:00:00.000','12:30','confirmada',0,'2025-12-05 16:45:38.710','2025-12-05 16:45:51.685',1,30),
(85,5,18,'Mine Valenzo','525564640163','2025-12-13 00:00:00.000','17:00','pendiente',0,'2025-12-05 18:30:53.438','2025-12-05 18:30:53.438',2,35),
(86,2,1,'Javier Jimenez','526141383970','2025-12-05 00:00:00.000','18:30','confirmada',0,'2025-12-05 19:53:31.136','2025-12-05 23:52:57.246',1,30),
(87,1,1,'Dillan','526143601953','2025-12-05 00:00:00.000','18:30','confirmada',0,'2025-12-05 20:15:52.749','2025-12-05 20:16:27.369',1,30),
(88,1,1,'Edgar Adrián Trigueros Sánchez','526143981189','2025-12-05 00:00:00.000','17:30','confirmada',0,'2025-12-05 21:36:22.474','2025-12-05 21:36:54.841',1,30),
(89,2,2,'Kevin Abrego Saenz','526144097650','2025-12-05 00:00:00.000','17:00','cancelada',0,'2025-12-05 22:50:30.043','2025-12-05 23:52:47.694',1,90),
(90,2,3,'Kevin Abrego','526144097650','2025-12-05 00:00:00.000','19:00','confirmada',0,'2025-12-05 22:53:51.823','2025-12-05 23:53:06.133',1,60),
(91,2,1,'Héctor Madrid','526141374683','2025-12-06 00:00:00.000','14:00','confirmada',0,'2025-12-06 19:25:12.744','2025-12-06 19:25:34.813',1,30),
(92,2,1,'Aaron Zamora Robles','526391480641','2025-12-08 00:00:00.000','16:30','confirmada',1,'2025-12-08 05:02:40.603','2025-12-08 15:25:01.304',1,30),
(93,2,1,'José Corrales','526143035366','2025-12-08 00:00:00.000','15:00','confirmada',1,'2025-12-08 08:28:48.771','2025-12-08 13:55:01.184',1,30),
(94,2,3,'Bloqueo','526145479108','2025-12-08 00:00:00.000','11:00','pendiente',1,'2025-12-08 08:29:17.720','2025-12-08 09:55:02.588',1,60),
(95,2,3,'Bloqueo','526145471908','2025-12-08 00:00:00.000','12:00','pendiente',1,'2025-12-08 08:29:40.665','2025-12-08 10:55:01.922',1,60),
(96,1,3,'Este es un Bloqueo por André','526145471908','2025-12-08 00:00:00.000','12:00','pendiente',1,'2025-12-08 09:12:21.549','2025-12-08 10:55:01.814',1,60),
(97,4,3,'Este es un bloqueo por André','526145471908','2025-12-08 00:00:00.000','09:00','pendiente',0,'2025-12-08 09:12:47.332','2025-12-08 09:12:47.332',1,60),
(98,4,3,'Este es un bloqueo por andré','526145471908','2025-12-08 00:00:00.000','10:00','pendiente',0,'2025-12-08 09:13:09.186','2025-12-08 09:13:09.186',1,60),
(99,4,3,'este es un bloqueo por andré','526145471908','2025-12-08 00:00:00.000','11:00','pendiente',1,'2025-12-08 09:13:34.593','2025-12-08 09:55:02.527',1,60),
(100,2,2,'Angel Neria','525545753969','2025-12-12 00:00:00.000','18:30','cancelada',0,'2025-12-08 20:09:33.326','2025-12-12 08:42:23.292',1,90),
(101,2,2,'Osvald Villa','526182988384','2025-12-13 00:00:00.000','16:00','cancelada',0,'2025-12-08 22:03:57.141','2025-12-09 20:58:41.258',1,90),
(102,2,3,'Angel Neria','525545753969','2025-12-08 00:00:00.000','18:30','confirmada',0,'2025-12-08 22:05:40.700','2025-12-08 22:06:11.697',1,60),
(103,2,3,'Osvald Villa','526182988384','2025-12-09 00:00:00.000','16:00','confirmada',1,'2025-12-08 22:07:40.973','2025-12-09 14:55:02.468',1,60),
(104,2,1,'Gera','526145471908','2025-12-09 00:00:00.000','17:30','confirmada',1,'2025-12-09 00:58:04.358','2025-12-09 16:25:02.023',1,30),
(105,2,3,'bloqueo','526145471908','2025-12-09 00:00:00.000','12:00','pendiente',0,'2025-12-09 17:44:54.271','2025-12-09 17:44:54.271',1,60),
(106,2,1,'Eliel Mejía','524331038106','2025-12-12 00:00:00.000','15:30','confirmada',1,'2025-12-09 17:48:20.701','2025-12-12 14:25:02.022',1,30),
(107,2,1,'Aleff','526251000377','2025-12-09 00:00:00.000','14:00','pendiente',0,'2025-12-09 17:54:36.996','2025-12-09 17:54:36.996',1,30),
(108,2,1,'Raul Olvera','526143579922','2025-12-09 00:00:00.000','15:30','confirmada',0,'2025-12-09 18:35:30.538','2025-12-09 21:11:10.354',1,30),
(109,2,1,'Emiliano Jimenez','526144690458','2025-12-09 00:00:00.000','15:00','confirmada',0,'2025-12-09 20:30:00.980','2025-12-09 20:53:30.090',1,30),
(110,2,3,'Osvald Villa','526182988384','2025-12-13 00:00:00.000','16:00','confirmada',0,'2025-12-09 20:59:25.564','2025-12-09 20:59:35.875',1,60),
(111,2,1,'Paul Valverde','526391018113','2025-12-09 00:00:00.000','17:00','confirmada',0,'2025-12-09 21:08:25.561','2025-12-09 22:08:05.596',1,30),
(112,2,2,'Bloqueo','526145471908','2025-12-10 00:00:00.000','11:00','pendiente',1,'2025-12-10 09:22:49.341','2025-12-10 09:55:03.366',1,90),
(113,2,1,'Bloqueo','526145471908','2025-12-10 00:00:00.000','12:30','pendiente',1,'2025-12-10 09:23:23.864','2025-12-10 11:25:02.569',1,30),
(114,4,1,'Daniel Lerma','526141561532','2025-12-10 00:00:00.000','09:00','pendiente',0,'2025-12-10 14:48:33.845','2025-12-10 14:48:33.845',1,30),
(115,2,1,'Jesús Daniel Hernández','526141988462','2025-12-10 00:00:00.000','17:30','confirmada',0,'2025-12-10 19:29:09.524','2025-12-10 19:43:53.375',1,30),
(116,2,1,'Chayanne','526148160202','2025-12-10 00:00:00.000','19:00','confirmada',0,'2025-12-10 20:15:18.244','2025-12-10 20:15:30.804',1,30),
(117,2,1,'Luis Omar Chavez Robledo','526141386621','2025-12-12 00:00:00.000','18:00','confirmada',1,'2025-12-10 23:11:24.008','2025-12-12 16:55:01.441',1,30),
(118,2,1,'Juan Carlos Muñoz','526481215744','2025-12-11 00:00:00.000','14:30','confirmada',1,'2025-12-11 06:22:48.348','2025-12-11 13:25:01.486',1,30),
(119,3,1,'Gabriel Durán','526145281477','2025-12-13 00:00:00.000','12:30','confirmada',0,'2025-12-11 07:00:02.409','2025-12-11 14:57:06.795',1,30),
(120,2,1,'Ceballos','526141163721','2025-12-11 00:00:00.000','12:30','confirmada',1,'2025-12-11 07:18:19.599','2025-12-11 11:25:01.616',1,30),
(121,2,3,'bloqueo','526145471908','2025-12-11 00:00:00.000','11:00','pendiente',1,'2025-12-11 08:31:21.873','2025-12-11 09:55:01.519',1,60),
(122,1,1,'Omar Enríquez','526141770645','2025-12-11 00:00:00.000','17:00','pendiente',0,'2025-12-11 16:26:49.145','2025-12-11 16:26:49.145',1,30),
(123,5,18,'Paola Chávez','526143421785','2025-12-11 00:00:00.000','14:00','pendiente',0,'2025-12-11 19:32:16.392','2025-12-11 19:32:16.392',2,35),
(124,2,1,'Brahim','526143169753','2025-12-11 00:00:00.000','17:30','confirmada',0,'2025-12-11 19:38:07.228','2025-12-11 19:38:28.810',1,30),
(125,2,1,'Hyrum Eloy Arceo Corral','526143779872','2025-12-11 00:00:00.000','16:30','confirmada',0,'2025-12-11 21:31:31.207','2025-12-11 21:32:26.688',1,30),
(126,2,2,'Polo','526142258112','2025-12-11 00:00:00.000','18:00','confirmada',0,'2025-12-11 21:51:31.280','2025-12-11 21:51:46.855',1,90),
(127,1,1,'Juan perez','526144545421','2025-12-11 00:00:00.000','19:30','pendiente',0,'2025-12-12 01:04:25.193','2025-12-12 01:04:25.193',1,30),
(128,2,1,'André Rentería','526145471908','2025-12-12 00:00:00.000','14:00','confirmada',1,'2025-12-12 04:04:45.731','2025-12-12 12:55:02.254',1,30),
(129,2,3,'La mera vrg','526147931777','2025-12-12 00:00:00.000','11:00','confirmada',1,'2025-12-12 05:13:11.821','2025-12-12 09:55:02.160',1,105),
(130,2,1,'Cliente','526145471908','2025-12-12 00:00:00.000','13:30','confirmada',1,'2025-12-12 05:29:54.676','2025-12-12 12:25:03.068',1,30),
(131,1,1,'Santiago Portillo','526275214495','2025-12-12 00:00:00.000','15:30','confirmada',1,'2025-12-12 08:49:00.813','2025-12-12 14:25:02.369',1,30),
(132,2,1,'Sergio','526142697866','2025-12-13 00:00:00.000','14:00','confirmada',0,'2025-12-12 20:17:39.273','2025-12-12 21:15:09.619',1,30),
(133,2,1,'Ángel Ortiz','526141979059','2025-12-13 00:00:00.000','13:00','confirmada',0,'2025-12-12 23:22:54.700','2025-12-12 23:23:40.700',1,30),
(134,2,1,'Víctor Acosta','526141671853','2025-12-15 00:00:00.000','11:30','confirmada',1,'2025-12-14 23:08:07.283','2025-12-15 10:25:03.474',1,30),
(135,2,2,'Kevin Miranda','526141927971','2025-12-16 00:00:00.000','16:00','confirmada',1,'2025-12-15 18:57:06.177','2025-12-16 14:55:01.993',1,90),
(136,2,1,'César Canive','526142150703','2025-12-15 00:00:00.000','17:00','confirmada',0,'2025-12-15 22:01:03.984','2025-12-15 22:01:58.206',1,30),
(137,2,1,'Marco','526142773552','2025-12-15 00:00:00.000','19:00','confirmada',0,'2025-12-15 22:01:40.181','2025-12-15 22:02:04.739',1,30),
(138,2,1,'Zabdiel flores','526143974334','2025-12-15 00:00:00.000','17:30','pendiente',0,'2025-12-15 23:10:21.083','2025-12-15 23:10:21.083',1,30),
(139,2,3,'Bloqueo','526145471908','2025-12-16 00:00:00.000','11:00','pendiente',1,'2025-12-16 09:40:07.086','2025-12-16 09:55:02.471',1,60),
(140,2,1,'Edgar Zapata','526144038848','2025-12-16 00:00:00.000','13:30','pendiente',0,'2025-12-16 17:21:35.790','2025-12-16 17:21:35.790',1,60),
(141,2,2,'Fernando rodriguez','524329343151','2025-12-16 00:00:00.000','18:00','confirmada',0,'2025-12-16 19:06:01.183','2025-12-16 20:36:52.317',1,90),
(142,2,1,'Valak Gallardo','526143343725','2025-12-16 00:00:00.000','19:30','confirmada',0,'2025-12-16 20:29:37.781','2025-12-16 20:37:00.400',1,30),
(143,2,1,'Esteban Guerrero','526144768656','2025-12-16 00:00:00.000','17:30','confirmada',0,'2025-12-16 21:08:21.799','2025-12-16 21:12:07.064',1,30),
(144,2,2,'Yan Carlos','526143392851','2025-12-17 00:00:00.000','17:30','cancelada',0,'2025-12-16 21:29:48.756','2025-12-17 20:24:49.478',1,60),
(145,5,9,'Erika jaramillo','526142354715','2025-12-19 00:00:00.000','15:00','pendiente',1,'2025-12-17 00:06:07.293','2025-12-19 13:55:01.514',2,150),
(146,2,1,'Gerardo Jimenez','526142030334','2025-12-18 00:00:00.000','17:30','confirmada',1,'2025-12-17 01:11:29.791','2025-12-18 16:25:01.883',1,30),
(147,2,1,'Dillan Alexis González Chávez','526251116694','2025-12-17 00:00:00.000','12:00','confirmada',1,'2025-12-17 03:03:24.876','2025-12-17 10:55:03.347',1,30),
(148,2,1,'Tadeo Galaviz','526143021759','2025-12-18 00:00:00.000','16:00','confirmada',1,'2025-12-17 05:51:22.784','2025-12-18 14:55:01.609',1,30),
(149,2,3,'Eduardo Galaviz','526143021759','2025-12-18 00:00:00.000','16:30','confirmada',1,'2025-12-17 05:51:58.283','2025-12-18 15:25:01.217',1,60),
(150,2,1,'Homar contreras','526143841699','2025-12-17 00:00:00.000','15:00','confirmada',0,'2025-12-17 20:04:53.185','2025-12-17 20:24:14.793',1,30),
(151,2,1,'Braulio','528120640904','2025-12-17 00:00:00.000','16:00','confirmada',0,'2025-12-17 20:59:15.184','2025-12-17 21:00:29.168',1,30),
(152,2,1,'Héctor Madrid','526141374683','2025-12-18 00:00:00.000','11:30','pendiente',1,'2025-12-17 22:23:13.778','2025-12-18 10:25:01.900',1,30),
(153,2,3,'Abimael Rios','526143545324','2025-12-20 00:00:00.000','16:00','confirmada',1,'2025-12-18 01:29:09.187','2025-12-20 14:55:01.420',1,60),
(154,2,2,'Ethan Zamarrón','526143274710','2025-12-18 00:00:00.000','11:00','confirmada',1,'2025-12-18 02:46:41.086','2025-12-18 09:55:03.093',1,30),
(155,2,1,'Luis Blanco','526144669343','2025-12-18 00:00:00.000','18:30','confirmada',0,'2025-12-18 20:00:47.149','2025-12-18 20:01:46.271',1,30),
(156,1,3,'Ramses Peña','526521060938','2025-12-18 00:00:00.000','18:00','pendiente',0,'2025-12-18 20:01:38.746','2025-12-18 20:01:38.746',1,60),
(157,2,1,'Said','526141703724','2025-12-18 00:00:00.000','18:00','confirmada',0,'2025-12-18 20:03:43.248','2025-12-18 20:03:55.225',1,30),
(158,2,1,'Derik Molina','526143947114','2025-12-18 00:00:00.000','19:30','confirmada',0,'2025-12-18 23:47:05.280','2025-12-18 23:50:57.941',1,30),
(159,2,1,'Juan Aguirre','526145046958','2025-12-19 00:00:00.000','18:00','confirmada',1,'2025-12-19 01:24:06.281','2025-12-19 16:55:01.778',1,30),
(160,2,1,'Juan Aguirre','526145046958','2025-12-19 00:00:00.000','18:30','confirmada',1,'2025-12-19 01:24:29.280','2025-12-19 17:25:01.879',1,30),
(161,2,1,'Carlos Rivera','526142253481','2025-12-19 00:00:00.000','17:30','confirmada',1,'2025-12-19 02:14:58.477','2025-12-19 16:25:01.665',1,30),
(162,2,1,'Axel Garcia','526145476118','2025-12-19 00:00:00.000','12:00','confirmada',1,'2025-12-19 02:56:27.685','2025-12-19 10:55:02.079',1,30),
(163,2,1,'Axel García','526145476118','2025-12-19 00:00:00.000','12:30','confirmada',1,'2025-12-19 02:56:48.264','2025-12-19 11:25:02.237',1,30),
(164,2,1,'Irving Becerra','526142440184','2025-12-19 00:00:00.000','17:00','confirmada',1,'2025-12-19 03:20:12.477','2025-12-19 15:55:01.793',1,30),
(165,2,3,'Bloqueo','526145471908','2025-12-19 00:00:00.000','11:00','pendiente',1,'2025-12-19 05:29:29.184','2025-12-19 09:55:02.955',1,60),
(166,4,1,'Ramón Nuñez','526146011817','2025-12-19 00:00:00.000','16:00','confirmada',1,'2025-12-19 07:42:06.577','2025-12-19 14:55:01.277',1,30),
(167,2,1,'Sebastian Granados','526146081665','2025-12-19 00:00:00.000','15:00','confirmada',1,'2025-12-19 12:34:35.378','2025-12-19 14:54:25.348',1,30),
(168,2,3,'Javier Perea','526141827823','2025-12-19 00:00:00.000','16:00','confirmada',0,'2025-12-19 15:32:34.226','2025-12-19 15:33:03.084',1,60),
(169,2,3,'comida','526145471908','2025-12-19 00:00:00.000','14:00','pendiente',0,'2025-12-19 15:33:52.576','2025-12-19 15:33:52.576',1,60),
(170,2,1,'Juan','526145234812','2025-12-19 00:00:00.000','13:00','confirmada',0,'2025-12-19 18:22:06.381','2025-12-19 18:22:39.783',1,30),
(171,2,3,'Marco Villalobos','526391555255','2025-12-20 00:00:00.000','12:00','confirmada',1,'2025-12-19 19:05:24.876','2025-12-20 10:55:02.037',1,60),
(172,2,3,'Jovani Bustamante','526141719046','2025-12-20 00:00:00.000','11:00','confirmada',1,'2025-12-19 21:36:54.309','2025-12-20 09:55:01.375',1,60),
(173,2,3,'Jesús Villalobos','526141189472','2025-12-19 00:00:00.000','19:00','confirmada',0,'2025-12-19 21:42:00.280','2025-12-19 21:42:14.382',1,60),
(174,2,1,'Luis Omar Chavez Robledo','526141386621','2025-12-20 00:00:00.000','13:00','confirmada',1,'2025-12-19 23:41:53.257','2025-12-20 11:55:02.654',1,30),
(175,2,1,'Saenz','526141006904','2025-12-24 00:00:00.000','14:00','confirmada',1,'2025-12-20 00:00:36.729','2025-12-24 12:55:01.549',1,30),
(176,2,1,'Osmar','526145490974','2025-12-23 00:00:00.000','16:00','confirmada',1,'2025-12-20 02:22:45.494','2025-12-23 14:55:01.478',1,30),
(177,2,2,'Adal','526145542759','2025-12-20 00:00:00.000','17:00','confirmada',1,'2025-12-20 02:45:08.381','2025-12-20 15:55:02.273',1,30),
(178,4,2,'Armando Alvarado','526291104832','2025-12-20 00:00:00.000','10:00','confirmada',1,'2025-12-20 07:55:22.702','2025-12-20 14:03:00.145',1,90),
(179,1,1,'Alan Perales','526141293671','2025-12-20 00:00:00.000','13:00','confirmada',0,'2025-12-20 14:21:34.787','2025-12-20 17:58:09.204',1,30),
(180,1,1,'Antonio luna','526361171856','2025-12-20 00:00:00.000','12:30','pendiente',0,'2025-12-20 16:57:13.082','2025-12-20 16:57:13.082',1,30),
(181,2,1,'Alexis Balderrama','526141886229','2025-12-20 00:00:00.000','14:30','confirmada',0,'2025-12-20 18:13:11.266','2025-12-20 18:13:20.846',1,30),
(182,2,3,'Juan Pablo Noriega','526261067451','2025-12-20 00:00:00.000','17:30','confirmada',0,'2025-12-20 19:03:39.789','2025-12-20 19:19:04.084',1,60),
(183,2,3,'AJP','526141003761','2025-12-22 00:00:00.000','13:00','confirmada',1,'2025-12-20 21:14:28.347','2025-12-22 11:55:02.684',1,60),
(184,1,1,'BLOQUEO','526145471908','2025-12-24 00:00:00.000','17:30','pendiente',1,'2025-12-20 21:17:13.110','2025-12-24 16:25:02.594',1,120),
(185,4,1,'BLOQUEO','526145471908','2025-12-24 00:00:00.000','16:00','pendiente',1,'2025-12-20 21:19:25.184','2025-12-24 14:55:01.633',1,180),
(186,2,1,'BLOQUEO','526145471908','2025-12-24 00:00:00.000','17:30','pendiente',1,'2025-12-20 21:22:14.784','2025-12-24 16:25:02.613',1,120),
(187,2,2,'Bryan','526142840087','2025-12-23 00:00:00.000','14:30','confirmada',1,'2025-12-20 21:23:49.762','2025-12-23 13:25:02.701',1,30),
(188,2,1,'Sebastian Mendoza','526143946377','2025-12-23 00:00:00.000','11:00','confirmada',1,'2025-12-21 00:13:49.985','2025-12-23 09:55:02.716',1,30),
(189,2,1,'Puñeton','526147931777','2025-12-23 00:00:00.000','12:00','pendiente',1,'2025-12-21 00:50:26.628','2025-12-23 10:55:02.779',1,30),
(190,1,1,'cristian','526141861561','2025-12-22 00:00:00.000','13:00','pendiente',1,'2025-12-21 17:44:51.293','2025-12-22 11:55:02.883',1,30),
(191,2,3,'bloqueo','526145471908','2025-12-22 00:00:00.000','11:00','pendiente',1,'2025-12-21 18:00:07.886','2025-12-22 09:55:03.148',1,60),
(192,2,3,'Bloqueo','526145471908','2025-12-22 00:00:00.000','12:00','pendiente',1,'2025-12-21 18:00:27.282','2025-12-22 10:55:02.857',1,60),
(193,2,1,'Leo Salcido','526141936318','2025-12-22 00:00:00.000','15:30','confirmada',1,'2025-12-21 19:07:22.780','2025-12-22 16:22:08.282',1,30),
(194,2,1,'Eduardo Ang','526141707574','2025-12-22 00:00:00.000','19:30','confirmada',1,'2025-12-21 20:30:02.990','2025-12-22 18:25:02.089',1,30),
(195,2,2,'Osvald villa','526182988381','2025-12-23 00:00:00.000','13:00','confirmada',1,'2025-12-21 20:44:44.286','2025-12-23 11:55:02.280',1,90),
(196,2,1,'Cris','526141266700','2025-12-23 00:00:00.000','11:30','confirmada',1,'2025-12-21 21:04:33.080','2025-12-23 10:25:03.046',1,30),
(197,2,1,'Jorge Alberto Ceballos Campuzano','526143850566','2025-12-22 00:00:00.000','14:00','confirmada',0,'2025-12-22 15:35:22.581','2025-12-22 16:21:44.140',1,30),
(198,2,3,'Fer','526141625517','2025-12-23 00:00:00.000','18:30','confirmada',1,'2025-12-22 16:23:55.679','2025-12-23 17:25:02.180',1,60),
(199,2,1,'Sebastián Gardea','524778421634','2025-12-23 00:00:00.000','12:30','confirmada',1,'2025-12-22 18:21:18.893','2025-12-23 11:25:02.592',1,30),
(200,1,1,'Raul Rascon','526141550712','2025-12-22 00:00:00.000','18:30','confirmada',0,'2025-12-22 18:33:56.889','2025-12-22 19:30:00.429',1,30),
(201,2,1,'Ángel Blanco','526144669343','2025-12-23 00:00:00.000','15:00','confirmada',1,'2025-12-22 18:45:06.085','2025-12-23 13:55:02.462',1,30),
(202,2,1,'Leo','526141100109','2025-12-23 00:00:00.000','15:30','confirmada',1,'2025-12-22 19:55:30.081','2025-12-23 14:25:01.507',1,30),
(203,1,1,'Iker Armendariz','526142254942','2025-12-22 00:00:00.000','18:00','confirmada',0,'2025-12-22 21:15:59.181','2025-12-22 21:17:22.716',1,30),
(204,2,1,'Sergio','526141612322','2025-12-23 00:00:00.000','19:30','confirmada',1,'2025-12-22 22:04:48.678','2025-12-23 18:25:02.082',1,30),
(205,2,1,'comida','526145471908','2025-12-23 00:00:00.000','16:30','pendiente',1,'2025-12-22 22:07:53.267','2025-12-23 15:25:02.084',1,30),
(206,2,3,'Luis','526141422064','2025-12-22 00:00:00.000','18:30','confirmada',0,'2025-12-22 23:04:47.084','2025-12-22 23:04:58.304',1,60),
(207,3,1,'Miguel Durán','526143743649','2025-12-23 00:00:00.000','10:00','confirmada',1,'2025-12-23 03:20:21.076','2026-01-09 19:35:47.233',1,30),
(208,2,1,'Daniel','526566070138','2025-12-23 00:00:00.000','17:00','confirmada',1,'2025-12-23 04:23:05.683','2025-12-23 15:55:02.017',1,30),
(209,2,1,'Andrés Rentería Gutiérrez','526141424007','2025-12-23 00:00:00.000','18:00','confirmada',1,'2025-12-23 05:13:22.683','2025-12-23 16:55:02.173',1,30),
(210,2,1,'Diego Hernandez sanchez','526143704825','2025-12-24 00:00:00.000','12:30','confirmada',1,'2025-12-23 05:45:01.394','2025-12-24 11:25:01.455',1,30),
(211,4,1,'Luis sacudí','526146027485','2025-12-23 00:00:00.000','12:00','confirmada',1,'2025-12-23 06:07:02.483','2025-12-23 10:55:02.489',1,30),
(212,4,1,'Ángel','526143798398','2025-12-23 00:00:00.000','17:00','confirmada',1,'2025-12-23 06:08:18.783','2025-12-23 15:55:01.882',1,30),
(213,2,2,'Raúl','526144749186','2025-12-23 00:00:00.000','17:30','cancelada',0,'2025-12-23 15:47:35.879','2025-12-23 15:47:56.082',1,30),
(214,2,1,'Raul','526144749186','2025-12-23 00:00:00.000','17:30','confirmada',1,'2025-12-23 15:48:20.682','2025-12-23 16:25:02.287',1,30),
(215,2,1,'Jesús Campos','526143036977','2025-12-24 00:00:00.000','13:30','confirmada',1,'2025-12-23 16:43:07.243','2025-12-24 12:25:02.325',1,30),
(216,2,1,'Adrian Chavira','526146552126','2025-12-24 00:00:00.000','11:00','confirmada',1,'2025-12-23 16:55:06.383','2025-12-24 09:55:02.821',1,30),
(217,1,1,'Axel Ibarra','526146021133','2025-12-23 00:00:00.000','12:30','confirmada',0,'2025-12-23 17:48:30.583','2025-12-23 18:40:29.361',1,30),
(218,2,1,'Bloqueo','526145471908','2025-12-24 00:00:00.000','19:30','pendiente',1,'2025-12-23 20:10:57.379','2025-12-24 18:25:01.601',1,30),
(219,2,3,'Alex','526143708129','2025-12-24 00:00:00.000','11:30','confirmada',1,'2025-12-23 22:00:49.709','2025-12-24 10:25:02.721',1,60),
(220,2,1,'Lester','526142211967','2025-12-24 00:00:00.000','13:00','confirmada',1,'2025-12-23 23:58:20.177','2025-12-24 11:55:02.046',1,30),
(221,2,1,'CARLOS ESCARCEGA RAMOS','526141971391','2025-12-24 00:00:00.000','15:30','confirmada',1,'2025-12-24 07:59:13.067','2025-12-24 15:09:44.081',1,30),
(222,2,1,'Fer','526141308056','2025-12-24 00:00:00.000','14:30','confirmada',0,'2025-12-24 14:56:48.498','2025-12-24 20:30:12.982',1,30),
(223,2,1,'Fernando Almanza','526141308056','2025-12-24 00:00:00.000','16:00','cancelada',0,'2025-12-24 15:01:20.401','2025-12-24 15:28:39.267',1,60),
(224,2,1,'Luis Omar Chavez Robledo','526141386621','2025-12-26 00:00:00.000','18:00','confirmada',1,'2025-12-26 15:41:37.107','2025-12-26 17:42:21.008',1,30),
(225,2,1,'Daniel Becerra','526144273558','2025-12-27 00:00:00.000','11:00','confirmada',0,'2025-12-27 15:07:51.284','2025-12-27 15:33:45.967',1,60),
(226,1,1,'cristian','526141861561','2025-12-29 00:00:00.000','13:00','pendiente',1,'2025-12-27 18:57:14.380','2025-12-29 11:55:04.980',1,30),
(227,2,1,'Pablo Zambrano Echavarria','526143951368','2026-01-03 00:00:00.000','14:00','confirmada',1,'2025-12-28 18:29:07.597','2026-01-03 12:55:10.058',1,30),
(228,2,1,'Diego Soler','526142152820','2025-12-29 00:00:00.000','13:30','confirmada',0,'2025-12-29 18:45:27.493','2025-12-29 19:05:10.403',1,30),
(229,2,1,'Gerardo Jimenez','526142030334','2025-12-30 00:00:00.000','17:30','confirmada',1,'2025-12-29 22:37:26.985','2025-12-30 16:25:06.660',1,30),
(230,2,1,'Ethan Zamarrón','526143274710','2025-12-30 00:00:00.000','13:30','confirmada',0,'2025-12-30 18:02:26.563','2025-12-30 18:56:03.957',1,30),
(231,2,1,'Luis Blanco','526144669343','2025-12-30 00:00:00.000','17:00','confirmada',0,'2025-12-30 18:55:39.757','2025-12-30 18:56:11.257',1,30),
(232,1,1,'cristian','526141861561','2025-12-31 00:00:00.000','14:00','pendiente',1,'2025-12-31 04:12:05.362','2025-12-31 12:55:03.062',1,30),
(233,1,1,'Omar Elías','526141770645','2025-12-31 00:00:00.000','15:00','pendiente',0,'2025-12-31 17:14:56.859','2025-12-31 17:14:56.859',1,30),
(234,2,1,'Hyrum Eloy Arceo Corral','526143779872','2025-12-31 00:00:00.000','14:30','confirmada',0,'2025-12-31 20:07:25.067','2025-12-31 20:21:14.859',1,30),
(235,2,3,'Fer','526145471908','2025-12-31 00:00:00.000','15:30','pendiente',0,'2025-12-31 20:59:32.057','2025-12-31 20:59:32.057',1,60),
(236,2,1,'Luis Omar Chavez Robledo','526141386621','2026-01-02 00:00:00.000','12:00','confirmada',1,'2026-01-02 03:06:09.161','2026-01-02 10:55:02.361',1,30),
(237,2,1,'Emi','526145471908','2026-01-02 00:00:00.000','15:00','confirmada',1,'2026-01-02 03:13:43.363','2026-01-02 13:55:04.460',1,30),
(238,2,3,'Bloqueo','526145471908','2026-01-02 00:00:00.000','11:00','pendiente',1,'2026-01-02 08:47:25.862','2026-01-02 09:55:02.562',1,60),
(239,1,1,'Edgar Sanchez','526143981189','2026-01-02 00:00:00.000','19:00','confirmada',0,'2026-01-02 23:20:24.261','2026-01-03 00:52:41.764',1,30),
(240,1,1,'Alan Perales','526141293671','2026-01-03 00:00:00.000','16:30','confirmada',0,'2026-01-03 20:11:10.860','2026-01-03 20:13:05.857',1,60),
(241,2,1,'Jesus Ceballos','526141163721','2026-01-05 00:00:00.000','11:00','confirmada',1,'2026-01-04 02:03:39.859','2026-01-05 09:55:07.658',1,30),
(242,2,1,'Cesar Lozano borunda','526141235761','2026-01-06 00:00:00.000','16:00','cancelada',0,'2026-01-04 23:20:13.656','2026-01-05 00:09:39.056',1,30),
(243,2,1,'Cesar Lozano borunda','526141235761','2026-01-05 00:00:00.000','16:00','confirmada',1,'2026-01-05 00:29:30.757','2026-01-05 14:55:06.763',1,30),
(244,1,1,'Cesar Lozano borunda','526141235761','2026-01-05 00:00:00.000','16:00','confirmada',1,'2026-01-05 00:30:20.858','2026-01-05 14:55:06.761',1,30),
(245,2,1,'Gael Cordova','526481001189','2026-01-05 00:00:00.000','18:00','pendiente',0,'2026-01-05 23:43:52.759','2026-01-05 23:43:52.759',1,30),
(246,2,1,'Braulio Michel','526144682229','2026-01-06 00:00:00.000','15:30','confirmada',1,'2026-01-06 02:01:18.259','2026-01-06 14:25:06.264',1,30),
(247,2,1,'Juan','526145471908','2026-01-06 00:00:00.000','18:00','confirmada',1,'2026-01-06 06:53:18.057','2026-01-06 16:55:02.658',1,30),
(248,2,1,'Juan','526145471908','2026-01-06 00:00:00.000','18:30','confirmada',1,'2026-01-06 06:53:51.857','2026-01-06 17:25:02.857',1,30),
(249,2,3,'Bloqueo','526145471908','2026-01-06 00:00:00.000','11:00','pendiente',1,'2026-01-06 08:47:50.067','2026-01-06 09:55:03.057',1,60),
(250,2,1,'Ray','526145471908','2026-01-06 00:00:00.000','13:00','confirmada',0,'2026-01-06 17:40:23.663','2026-01-06 17:41:48.461',1,30),
(251,2,1,'Said','526145471908','2026-01-06 00:00:00.000','16:00','confirmada',0,'2026-01-06 17:40:51.460','2026-01-06 17:41:57.558',1,30),
(252,2,1,'Iván chupapitos','526141642732','2026-01-07 00:00:00.000','15:00','confirmada',1,'2026-01-07 05:17:17.661','2026-01-07 19:53:02.160',1,30),
(253,2,3,'BLOQUEO','526145471908','2026-01-07 00:00:00.000','11:00','pendiente',1,'2026-01-07 08:23:48.945','2026-01-07 09:55:07.063',1,60),
(254,1,1,'Edmundo Santiesteban','526141590034','2026-01-08 00:00:00.000','14:00','pendiente',0,'2026-01-07 19:48:32.758','2026-01-07 19:48:32.758',1,60),
(255,2,1,'Matteo Armendáriz','526141890593','2026-01-07 00:00:00.000','19:00','confirmada',0,'2026-01-07 21:54:53.858','2026-01-07 22:32:02.165',1,30),
(256,1,1,'Mathias Armendáriz','526141890593','2026-01-07 00:00:00.000','19:00','pendiente',0,'2026-01-07 21:55:42.861','2026-01-07 21:55:42.861',1,30),
(257,2,1,'Edwin Hermosillo','526144764233','2026-01-08 00:00:00.000','11:30','confirmada',0,'2026-01-07 23:12:50.961','2026-01-08 05:03:51.281',1,30),
(258,2,1,'Bloqueo','526145471908','2026-01-08 00:00:00.000','11:00','pendiente',0,'2026-01-08 08:33:14.861','2026-01-08 08:33:14.861',1,30),
(259,2,1,'Rubén','526145471908','2026-01-08 00:00:00.000','14:30','confirmada',0,'2026-01-08 18:32:25.463','2026-01-08 20:07:12.057',1,30),
(260,2,1,'Miguel Reyes','526141243180','2026-01-09 00:00:00.000','12:00','pendiente',1,'2026-01-09 00:01:23.160','2026-01-09 10:55:02.444',1,30),
(261,2,1,'Miguel Reyes','526141611467','2026-01-09 00:00:00.000','11:30','pendiente',1,'2026-01-09 00:02:28.863','2026-01-09 10:25:04.422',1,30),
(262,2,1,'Luis Omar Chavez Robledo','526141386621','2026-01-09 00:00:00.000','18:30','confirmada',1,'2026-01-09 01:50:22.957','2026-01-09 19:30:30.285',1,30),
(263,1,1,'Ian Carlos Chavez Granados','526144707340','2026-01-10 00:00:00.000','17:00','confirmada',1,'2026-01-09 02:14:41.756','2026-01-10 21:09:24.333',1,30),
(264,2,4,'Manuel juarez','526141395217','2026-01-09 00:00:00.000','15:00','confirmada',0,'2026-01-09 19:30:05.602','2026-01-09 19:30:25.472',1,30),
(265,3,1,'Adrian juarez','526144544581','2026-01-09 00:00:00.000','15:00','confirmada',0,'2026-01-09 19:35:12.120','2026-01-09 19:36:26.277',1,30),
(266,2,3,'Osvald Villa','526182988384','2026-01-10 00:00:00.000','16:30','cancelada',0,'2026-01-09 19:57:29.242','2026-01-10 16:26:18.318',1,60),
(267,2,1,'Valak Gallardo','526143343725','2026-01-09 00:00:00.000','18:00','confirmada',0,'2026-01-09 20:51:24.138','2026-01-09 20:54:20.080',1,30),
(268,2,1,'Juan hernandez','526145234812','2026-01-09 00:00:00.000','19:00','confirmada',0,'2026-01-09 22:18:59.778','2026-01-09 22:47:57.686',1,30),
(269,2,1,'Brahim','526145471908','2026-01-10 00:00:00.000','14:00','confirmada',1,'2026-01-09 23:12:21.634','2026-01-10 12:55:02.116',1,30),
(270,2,1,'Jesus','526145471908','2026-01-10 00:00:00.000','14:30','confirmada',1,'2026-01-09 23:12:38.198','2026-01-10 13:25:03.024',1,30),
(271,2,1,'Fernando Luján','526142816107','2026-01-10 00:00:00.000','15:00','confirmada',1,'2026-01-09 23:13:55.744','2026-01-10 13:55:02.353',1,30),
(272,2,1,'Fernando Luján','526142816107','2026-01-10 00:00:00.000','15:30','confirmada',1,'2026-01-09 23:14:20.229','2026-01-10 14:25:02.664',1,30),
(273,2,1,'Cristóbal A. Lozano','526142151773','2026-01-10 00:00:00.000','16:00','confirmada',1,'2026-01-10 00:28:37.433','2026-01-10 14:55:02.080',1,30),
(274,2,1,'Sergio','526142697866','2026-01-10 00:00:00.000','13:30','confirmada',1,'2026-01-10 02:17:51.434','2026-01-10 12:25:02.075',1,30),
(275,2,3,'Osvald Villa','526182988384','2026-01-10 00:00:00.000','11:00','confirmada',1,'2026-01-10 04:03:55.933','2026-01-10 09:55:06.048',1,60),
(276,2,3,'BLOQUEO','526145471908','2026-01-10 00:00:00.000','18:00','pendiente',1,'2026-01-10 16:12:54.447','2026-01-10 16:55:02.937',1,60),
(277,2,1,'BLOQUEO','526145471908','2026-01-10 00:00:00.000','19:00','pendiente',1,'2026-01-10 16:27:12.632','2026-01-10 17:55:02.957',1,30),
(278,2,1,'Bloqueo','526145471908','2026-01-10 00:00:00.000','19:30','pendiente',1,'2026-01-10 16:27:42.116','2026-01-10 18:25:02.586',1,30),
(279,2,1,'Eliel Mejía','524331038106','2026-01-10 00:00:00.000','12:30','confirmada',0,'2026-01-10 16:46:31.033','2026-01-10 16:55:57.438',1,60),
(280,2,4,'Yan Carlos Barrios','526143392851','2026-01-10 00:00:00.000','12:00','confirmada',0,'2026-01-10 16:48:13.473','2026-01-10 16:56:07.732',1,30),
(281,2,2,'Marco Villalobos','526391555255','2026-01-10 00:00:00.000','16:30','confirmada',0,'2026-01-10 16:57:08.980','2026-01-10 17:45:22.096',1,30),
(282,2,1,'Emiliano Jimenez','526144690458','2026-01-10 00:00:00.000','17:00','confirmada',0,'2026-01-10 19:00:59.246','2026-01-10 19:03:13.553',1,30),
(283,2,1,'Jesús','526145471908','2026-01-10 00:00:00.000','17:30','pendiente',0,'2026-01-10 21:53:55.238','2026-01-10 21:53:55.238',1,30),
(284,2,3,'BLOQUEO','526145471908','2026-01-12 00:00:00.000','11:00','pendiente',1,'2026-01-12 09:05:06.608','2026-01-12 09:55:02.647',1,60),
(285,2,3,'Polo','526142258112','2026-01-12 00:00:00.000','17:30','confirmada',0,'2026-01-12 18:16:09.040','2026-01-12 23:30:37.591',1,60),
(286,2,1,'BLOQUEO','526145471908','2026-01-13 00:00:00.000','11:00','pendiente',0,'2026-01-13 14:28:44.628','2026-01-13 14:28:44.628',1,120),
(287,2,1,'Jair Picasso','526144616990','2026-01-14 00:00:00.000','15:00','confirmada',1,'2026-01-13 18:47:58.248','2026-01-14 13:55:03.351',1,30),
(288,2,1,'Marco','526145471908','2026-01-13 00:00:00.000','18:30','pendiente',0,'2026-01-13 22:07:37.832','2026-01-13 22:07:37.832',1,30),
(289,2,1,'Luis','526145471908','2026-01-13 00:00:00.000','19:00','pendiente',0,'2026-01-13 22:07:55.334','2026-01-13 22:07:55.334',1,30),
(290,2,3,'Fer','526145471908','2026-01-13 00:00:00.000','17:30','pendiente',0,'2026-01-13 22:32:51.718','2026-01-13 22:32:51.718',1,60),
(291,2,3,'Angel Neria','525545753969','2026-01-15 00:00:00.000','18:30','confirmada',1,'2026-01-14 03:26:08.039','2026-01-15 17:25:01.641',1,60),
(292,2,3,'BLOQUEO','526145471908','2026-01-14 00:00:00.000','11:00','pendiente',1,'2026-01-14 08:56:19.136','2026-01-14 09:55:02.472',1,60),
(293,2,3,'bloqueo','526145471908','2026-01-14 00:00:00.000','12:00','pendiente',1,'2026-01-14 09:49:18.928','2026-01-14 10:55:02.839',1,60),
(294,2,1,'Miguel García','526143763880','2026-01-14 00:00:00.000','16:00','confirmada',0,'2026-01-14 19:17:01.644','2026-01-14 20:38:02.328',1,30),
(295,1,1,'Adrián Talamantes','526141386733','2026-01-14 00:00:00.000','16:30','pendiente',0,'2026-01-14 19:43:41.841','2026-01-14 19:43:41.841',1,30),
(296,2,1,'Jesús Daniel Hernández Grajeda','526141988462','2026-01-14 00:00:00.000','17:30','confirmada',0,'2026-01-14 19:58:17.038','2026-01-14 20:37:57.788',1,30),
(297,2,1,'Braulio','528120640904','2026-01-14 00:00:00.000','16:30','confirmada',0,'2026-01-14 20:40:15.137','2026-01-14 20:40:26.737',1,30),
(298,2,1,'Emiliano Ronquillo','526146006203','2026-01-15 00:00:00.000','11:00','confirmada',1,'2026-01-15 02:54:53.631','2026-01-15 09:55:03.114',1,30),
(299,2,1,'Gerardo Jimenez','526142030334','2026-01-15 00:00:00.000','17:30','confirmada',1,'2026-01-15 04:25:22.837','2026-01-15 16:25:02.431',1,60),
(300,2,1,'Ethan Zamarrón','526143274710','2026-01-15 00:00:00.000','14:00','pendiente',0,'2026-01-15 19:39:51.837','2026-01-15 19:39:51.837',1,30),
(301,2,4,'Dani Alarcon','526145471908','2026-01-15 00:00:00.000','17:00','confirmada',0,'2026-01-15 22:07:27.141','2026-01-15 22:12:08.448',1,30),
(302,2,2,'Rubén','526145471908','2026-01-16 00:00:00.000','12:00','confirmada',1,'2026-01-15 22:11:54.747','2026-01-16 10:55:02.147',1,30),
(303,2,1,'Angel','526145471908','2026-01-16 00:00:00.000','11:30','confirmada',1,'2026-01-16 01:27:25.435','2026-01-16 10:25:01.952',1,30),
(304,2,1,'BLOQUEO','526145471908','2026-01-16 00:00:00.000','11:00','pendiente',1,'2026-01-16 01:27:43.534','2026-01-16 09:55:02.933',1,30),
(305,2,1,'Carlos Arath Nevarez Rodriguez','526145103300','2026-01-16 00:00:00.000','17:00','confirmada',1,'2026-01-16 01:45:44.252','2026-01-16 15:55:01.798',1,30),
(306,2,1,'Luis Blanco','526144669343','2026-01-17 00:00:00.000','14:00','confirmada',1,'2026-01-16 02:07:27.038','2026-01-17 12:55:02.210',1,30),
(307,2,1,'Ricardo Blanco','526144669343','2026-01-17 00:00:00.000','14:30','confirmada',1,'2026-01-16 02:08:04.552','2026-01-17 13:25:03.113',1,30),
(308,3,1,'Ángel Blanco','526144669343','2026-01-17 00:00:00.000','14:00','confirmada',1,'2026-01-16 02:08:45.800','2026-01-17 12:55:02.109',1,30),
(309,2,1,'Ari Salayandia','526271024102','2026-01-16 00:00:00.000','18:00','confirmada',1,'2026-01-16 03:28:43.733','2026-01-16 16:55:02.603',1,30),
(310,2,1,'Jesús Campos','526143036977','2026-01-16 00:00:00.000','19:00','confirmada',1,'2026-01-16 13:36:30.336','2026-01-16 18:53:53.350',1,30),
(311,2,1,'Luis Omar Chavez Robledo','526141386621','2026-01-17 00:00:00.000','11:00','confirmada',1,'2026-01-16 16:42:44.137','2026-01-17 09:55:08.809',1,30),
(312,2,1,'Hector Rodriguez','526144656083','2026-01-16 00:00:00.000','17:30','confirmada',0,'2026-01-16 19:23:47.541','2026-01-16 19:24:17.638',1,30),
(313,2,1,'Axel','526141006904','2026-01-17 00:00:00.000','13:00','pendiente',1,'2026-01-17 00:52:18.747','2026-01-17 11:55:03.806',1,30),
(314,1,1,'André','526145471908','2026-01-17 00:00:00.000','13:30','pendiente',1,'2026-01-17 00:52:44.234','2026-01-17 12:25:02.609',1,30),
(315,2,1,'BLOQUEO','526145471908','2026-01-17 00:00:00.000','13:30','pendiente',1,'2026-01-17 00:53:05.732','2026-01-17 12:25:02.408',1,30),
(316,1,1,'BLOQUEO','526145471908','2026-01-17 00:00:00.000','13:00','pendiente',1,'2026-01-17 00:53:28.246','2026-01-17 11:55:03.611',1,30),
(317,2,3,'BLOQUEO','526145471908','2026-01-17 00:00:00.000','18:00','pendiente',0,'2026-01-17 18:06:15.406','2026-01-17 18:06:15.406',1,60),
(318,2,1,'Gama','526145235806','2026-01-17 00:00:00.000','15:00','confirmada',0,'2026-01-17 18:07:27.207','2026-01-17 19:46:36.807',1,30),
(319,2,1,'BLOQUEO','526145471908','2026-01-17 00:00:00.000','19:00','pendiente',0,'2026-01-17 18:08:23.508','2026-01-17 18:08:23.508',1,30),
(320,2,1,'Bloqueo','526145471908','2026-01-17 00:00:00.000','19:30','pendiente',1,'2026-01-17 18:08:44.607','2026-01-17 18:25:03.109',1,30),
(321,1,1,'Iker Armendariz Nevarez','526142254942','2026-01-17 00:00:00.000','16:00','confirmada',0,'2026-01-17 18:14:02.907','2026-01-17 18:35:19.708',1,30),
(322,2,1,'Dillan González','526251116694','2026-01-17 00:00:00.000','17:00','confirmada',0,'2026-01-17 22:22:25.107','2026-01-17 22:24:13.608',1,30),
(323,2,1,'Manuel Marioni','526251000327','2026-01-19 00:00:00.000','14:00','confirmada',1,'2026-01-19 01:47:23.011','2026-01-19 12:55:06.605',1,60),
(324,2,1,'Emilio Millan','526141539447','2026-01-19 00:00:00.000','15:00','confirmada',1,'2026-01-19 03:13:20.608','2026-01-19 17:19:54.209',1,30),
(325,2,1,'bloqueo','526145471908','2026-01-19 00:00:00.000','11:00','pendiente',0,'2026-01-19 10:03:37.210','2026-01-19 10:03:37.210',1,165),
(326,2,1,'Armando Alvarado','19189601572','2026-01-19 00:00:00.000','16:00','confirmada',0,'2026-01-19 18:17:13.607','2026-01-19 18:26:37.010',1,30),
(327,2,1,'Jorge Rios','525545259534','2026-01-19 00:00:00.000','16:30','confirmada',0,'2026-01-19 19:25:46.010','2026-01-19 19:57:45.307',1,30),
(328,2,1,'Emi','526144073484','2026-01-20 00:00:00.000','13:00','confirmada',1,'2026-01-20 04:47:01.913','2026-01-20 11:55:14.911',1,30),
(329,2,3,'BLOQUEO','526145471908','2026-01-20 00:00:00.000','11:00','pendiente',1,'2026-01-20 08:21:11.407','2026-01-20 09:55:03.808',1,60),
(330,2,3,'Alfredo','526145471908','2026-01-21 00:00:00.000','14:00','confirmada',1,'2026-01-20 22:01:02.913','2026-01-21 12:55:13.308',1,60),
(331,2,1,'Javier Jimenez','526141383970','2026-01-20 00:00:00.000','18:00','confirmada',0,'2026-01-20 22:22:30.209','2026-01-20 22:22:49.212',1,30),
(332,2,1,'BLOQUEO','526145471908','2026-01-21 00:00:00.000','11:00','pendiente',0,'2026-01-21 15:31:44.509','2026-01-21 15:31:44.509',1,120),
(333,2,1,'Mauricio Castellanos','526141070398','2026-01-21 00:00:00.000','19:30','confirmada',0,'2026-01-21 20:51:54.609','2026-01-21 21:02:14.604',1,30),
(334,9,28,'Alex','526271310248','2026-01-21 00:00:00.000','16:00','pendiente',0,'2026-01-21 21:24:06.607','2026-01-21 21:24:06.607',4,30),
(335,9,28,'Alex baca','526271310248','2026-01-21 00:00:00.000','16:30','confirmada',0,'2026-01-21 21:27:58.305','2026-01-21 21:28:44.108',4,30),
(336,9,28,'Roberto','526271310248','2026-01-21 00:00:00.000','17:30','pendiente',0,'2026-01-21 23:04:11.912','2026-01-21 23:04:11.912',4,30),
(337,9,27,'Rafael','526143759681','2026-01-22 00:00:00.000','10:00','confirmada',1,'2026-01-22 00:00:36.408','2026-01-22 08:55:03.711',4,30),
(338,2,1,'Mauricio','526141070398','2026-01-22 00:00:00.000','19:30','confirmada',1,'2026-01-22 02:02:01.709','2026-01-22 18:25:05.008',1,30),
(339,2,1,'Héctor Madrid','526141374683','2026-01-22 00:00:00.000','12:30','confirmada',1,'2026-01-22 04:22:00.107','2026-01-22 18:26:11.707',1,30),
(340,2,1,'BLOQUEO','526145471908','2026-01-22 00:00:00.000','11:00','pendiente',1,'2026-01-22 07:34:37.610','2026-01-22 09:55:03.508',1,30),
(341,1,1,'Santiago Portillo Gallegos','526275214495','2026-01-22 00:00:00.000','13:30','confirmada',0,'2026-01-22 15:59:41.009','2026-01-22 18:45:11.713',1,30),
(342,1,3,'Ramses Peña','526521060938','2026-01-23 00:00:00.000','18:00','confirmada',1,'2026-01-23 04:40:27.013','2026-01-23 20:46:32.009',1,60),
(343,2,3,'BLOQUEO','526145471908','2026-01-23 00:00:00.000','11:00','pendiente',1,'2026-01-23 09:17:40.410','2026-01-23 09:55:02.311',1,60),
(344,2,1,'Erick Mendez','526144278230','2026-01-23 00:00:00.000','19:00','confirmada',1,'2026-01-23 14:53:10.713','2026-01-23 17:55:03.007',1,30),
(345,2,1,'Carlos Loya','524328806255','2026-01-23 00:00:00.000','14:00','pendiente',0,'2026-01-23 19:34:45.605','2026-01-23 19:34:45.605',1,30),
(346,2,1,'Angel','526145471908','2026-01-24 00:00:00.000','11:30','confirmada',1,'2026-01-23 19:50:08.007','2026-01-24 10:25:11.808',1,30),
(347,1,1,'Edgar Adrian Sanchez','526143981189','2026-01-23 00:00:00.000','19:00','confirmada',0,'2026-01-23 20:09:34.712','2026-01-23 20:46:43.012',1,30),
(348,1,1,'Raul Rascon Delval','526141550712','2026-01-23 00:00:00.000','19:30','confirmada',0,'2026-01-23 20:40:09.510','2026-01-23 20:46:52.012',1,30),
(349,2,1,'Omar Rentería','526141951029','2026-01-23 00:00:00.000','17:00','confirmada',0,'2026-01-23 20:43:14.910','2026-01-23 21:52:36.013',1,30),
(350,2,1,'Raul Olvera','526143579922','2026-01-23 00:00:00.000','17:30','confirmada',0,'2026-01-23 20:44:36.608','2026-01-23 21:52:42.413',1,30),
(351,2,1,'Raul Olvera','526143579922','2026-01-23 00:00:00.000','18:00','confirmada',0,'2026-01-23 20:45:21.208','2026-01-23 21:52:48.008',1,30),
(352,2,3,'Abimael Rios','526143545324','2026-01-24 00:00:00.000','15:30','confirmada',1,'2026-01-23 23:43:04.609','2026-01-24 14:25:09.311',1,60),
(353,2,1,'Sergio','526145471908','2026-01-24 00:00:00.000','13:00','confirmada',1,'2026-01-24 03:06:07.812','2026-01-24 11:55:02.807',1,30),
(354,2,3,'Osvald Villa','526182988384','2026-01-24 00:00:00.000','16:30','confirmada',1,'2026-01-24 04:57:35.709','2026-01-24 15:25:03.506',1,60),
(355,2,1,'Raúl Núñez','526142689949','2026-01-26 00:00:00.000','11:30','confirmada',1,'2026-01-24 15:40:18.908','2026-01-26 10:25:08.106',1,30),
(356,2,2,'bloqueo','526145471908','2026-01-24 00:00:00.000','11:00','pendiente',0,'2026-01-24 16:17:25.108','2026-01-24 16:17:25.108',1,30),
(357,2,1,'alef gonzález','526251000377','2026-01-24 00:00:00.000','12:00','confirmada',0,'2026-01-24 16:17:52.109','2026-01-24 16:40:09.210',1,30),
(358,2,3,'Juan Pablo Noriega','526261067451','2026-01-24 00:00:00.000','14:00','confirmada',0,'2026-01-24 16:38:11.908','2026-01-24 16:40:03.906',1,60),
(359,2,1,'Esai Villa','526264991142','2026-01-24 00:00:00.000','13:30','confirmada',0,'2026-01-24 16:41:05.510','2026-01-24 16:41:20.910',1,30),
(360,2,1,'Alexis Vargas','526141953136','2026-01-24 00:00:00.000','15:00','confirmada',0,'2026-01-24 18:09:22.308','2026-01-24 18:16:10.708',1,30),
(361,1,1,'Alex reyes','526141925134','2026-01-24 00:00:00.000','15:00','pendiente',0,'2026-01-24 18:20:04.112','2026-01-24 18:20:04.112',1,30),
(362,2,1,'Emiliano','526145471908','2026-01-26 00:00:00.000','18:30','confirmada',1,'2026-01-24 18:36:34.508','2026-01-26 17:25:03.406',1,30),
(363,2,1,'Daniel Becerra','526144273558','2026-01-24 00:00:00.000','17:30','confirmada',0,'2026-01-24 19:49:01.409','2026-01-24 19:52:39.410',1,30),
(364,1,1,'Iker Becerra','526144273558','2026-01-24 00:00:00.000','17:30','confirmada',0,'2026-01-24 19:49:30.606','2026-01-24 22:24:51.312',1,30),
(365,2,1,'Luis Omar Chavez Robledo','526141386621','2026-01-26 00:00:00.000','18:00','confirmada',1,'2026-01-24 21:25:32.809','2026-01-26 16:55:02.609',1,30),
(366,2,1,'Jesus ceballos','526141163721','2026-01-26 00:00:00.000','12:00','confirmada',1,'2026-01-26 02:40:42.507','2026-01-26 10:55:03.007',1,30),
(367,2,2,'bloqueo','525261454708','2026-01-26 00:00:00.000','11:00','pendiente',0,'2026-01-26 15:40:15.908','2026-01-26 15:40:15.908',1,30),
(368,2,1,'Sergio','526145471908','2026-01-26 00:00:00.000','19:00','confirmada',0,'2026-01-26 20:04:29.210','2026-01-26 20:05:17.412',1,30),
(369,2,3,'Alfredo','526145471908','2026-01-26 00:00:00.000','15:30','pendiente',0,'2026-01-26 20:52:19.011','2026-01-26 20:52:19.011',1,60),
(370,2,1,'Andrés Rentería','526141424007','2026-01-26 00:00:00.000','19:30','confirmada',0,'2026-01-26 23:17:20.909','2026-01-26 23:53:00.908',1,30),
(371,2,1,'Erik','526145117943','2026-01-28 00:00:00.000','12:30','confirmada',1,'2026-01-26 23:52:40.908','2026-01-28 11:25:03.707',1,30),
(372,2,3,'BLOQUEO','526145471908','2026-01-27 00:00:00.000','11:00','pendiente',1,'2026-01-27 06:06:36.809','2026-01-27 09:55:07.819',1,60),
(373,2,1,'Aaron Zamora','526391480641','2026-01-28 00:00:00.000','14:00','confirmada',1,'2026-01-27 15:51:51.907','2026-01-28 17:30:56.512',1,30),
(374,2,1,'Juan','526145471908','2026-01-27 00:00:00.000','17:00','pendiente',0,'2026-01-27 21:20:31.707','2026-01-27 21:20:31.707',1,30),
(375,2,3,'Bloqueo','526145471908','2026-01-28 00:00:00.000','11:00','pendiente',1,'2026-01-28 05:32:21.711','2026-01-28 09:55:14.606',1,60),
(376,2,1,'Isaac Rodriguez','526142880659','2026-01-28 00:00:00.000','18:00','confirmada',1,'2026-01-28 16:30:25.210','2026-01-28 17:31:05.406',1,30),
(377,2,1,'Eduardo Padilla','526145162932','2026-01-28 00:00:00.000','18:30','confirmada',1,'2026-01-28 16:31:25.412','2026-01-28 17:31:11.006',1,30),
(378,9,29,'Valente aguilar','526141105600','2026-01-29 00:00:00.000','10:30','pendiente',1,'2026-01-29 01:31:22.706','2026-01-29 09:25:02.914',4,60),
(379,9,29,'Valente','526141105606','2026-01-29 00:00:00.000','12:00','confirmada',1,'2026-01-29 01:32:09.007','2026-01-29 11:00:04.012',4,60),
(380,2,3,'LOQUEO','526145471908','2026-01-29 00:00:00.000','11:00','pendiente',1,'2026-01-29 09:04:10.013','2026-01-29 09:55:04.012',1,60),
(381,2,1,'Irving Becerra','526142440184','2026-01-29 00:00:00.000','17:00','confirmada',0,'2026-01-29 16:43:42.212','2026-01-29 17:04:44.413',1,30),
(382,2,1,'Gerardo Aquino','526141755191','2026-01-29 00:00:00.000','17:30','confirmada',0,'2026-01-29 17:06:40.909','2026-01-29 17:06:59.709',1,30),
(383,2,1,'BLOQUEO POR ESCUELA','526145471908','2026-01-31 00:00:00.000','11:00','pendiente',1,'2026-01-29 18:15:41.213','2026-01-31 09:55:02.906',1,195),
(384,2,1,'Said','526141703724','2026-01-31 00:00:00.000','16:00','confirmada',1,'2026-01-29 18:16:18.212','2026-01-31 14:55:02.701',1,30),
(385,2,1,'Jair','526144616990','2026-01-30 00:00:00.000','15:00','confirmada',1,'2026-01-29 21:09:39.711','2026-01-30 13:55:02.902',1,30),
(386,2,1,'Brahim','526141369753','2026-02-02 00:00:00.000','16:00','cancelada',0,'2026-01-29 23:34:19.403','2026-01-29 23:34:51.106',1,30),
(387,2,1,'Brahim','526143169753','2026-02-02 00:00:00.000','16:00','confirmada',1,'2026-01-29 23:35:21.703','2026-02-02 14:55:02.011',1,30),
(388,2,1,'Jesus','526143169753','2026-02-02 00:00:00.000','16:30','confirmada',1,'2026-01-29 23:35:51.500','2026-02-02 15:25:02.806',1,30),
(389,2,1,'Oscar Ramos','526145820178','2026-01-30 00:00:00.000','14:30','confirmada',1,'2026-01-30 02:24:01.905','2026-01-30 13:25:08.200',1,30),
(390,2,1,'Angel','526141979059','2026-01-30 00:00:00.000','12:00','confirmada',1,'2026-01-30 02:53:51.700','2026-01-30 10:55:03.202',1,30),
(391,2,1,'Víctor Acosta','526141671853','2026-01-30 00:00:00.000','11:00','confirmada',1,'2026-01-30 03:03:49.499','2026-01-30 09:55:19.902',1,30),
(392,2,3,'Valak Gallardo','526143343725','2026-01-30 00:00:00.000','16:30','confirmada',0,'2026-01-30 16:04:35.904','2026-01-30 16:06:51.205',1,60),
(393,2,3,'COMIDA','526145471908','2026-01-30 00:00:00.000','15:30','pendiente',0,'2026-01-30 18:41:40.904','2026-01-30 18:41:40.904',1,60),
(394,2,1,'Said','526141703724','2026-01-30 00:00:00.000','19:00','confirmada',0,'2026-01-30 18:42:33.202','2026-01-30 19:00:12.501',1,30),
(395,2,1,'Eduardo Ang','526141707574','2026-01-30 00:00:00.000','14:00','confirmada',0,'2026-01-30 18:59:58.304','2026-01-30 19:00:18.502',1,30),
(396,2,1,'Héctor','526141374689','2026-01-30 00:00:00.000','17:30','confirmada',0,'2026-01-30 20:20:51.900','2026-01-30 21:52:41.501',1,30),
(397,2,1,'Cliente','526145471908','2026-01-30 00:00:00.000','18:00','confirmada',0,'2026-01-30 22:17:00.706','2026-01-30 22:17:14.702',1,30),
(398,2,1,'Alexis','526141324299','2026-01-31 00:00:00.000','17:30','confirmada',1,'2026-01-30 23:50:43.608','2026-01-31 16:25:02.902',1,30),
(399,4,1,'mario salas','526145103874','2026-01-31 00:00:00.000','15:30','confirmada',1,'2026-01-31 03:57:01.804','2026-01-31 14:25:02.503',1,30),
(400,2,2,'BLOQUEO','526145471908','2026-01-31 00:00:00.000','14:30','pendiente',0,'2026-01-31 13:38:14.305','2026-01-31 13:38:14.305',1,30),
(401,2,1,'Emiliano Jimenez','5261404690458','2026-01-31 00:00:00.000','15:00','pendiente',0,'2026-01-31 20:07:14.299','2026-01-31 20:07:14.299',1,30),
(402,2,1,'Santi','526143776694','2026-02-02 00:00:00.000','15:00','confirmada',1,'2026-02-01 16:37:08.502','2026-02-02 13:55:02.608',1,30),
(403,2,1,'Osmar','526145490974','2026-02-02 00:00:00.000','14:00','confirmada',1,'2026-02-01 16:38:14.606','2026-02-02 12:55:02.706',1,30),
(404,2,1,'cliente','526145471908','2026-02-02 00:00:00.000','17:00','confirmada',1,'2026-02-01 16:38:56.404','2026-02-02 16:00:02.018',1,30),
(405,2,1,'Ramón Nuñez','526146011817','2026-02-02 00:00:00.000','17:30','confirmada',1,'2026-02-01 23:34:00.708','2026-02-02 16:25:02.205',1,60),
(406,2,1,'José Alemán','526145523877','2026-02-02 00:00:00.000','14:30','confirmada',1,'2026-02-02 00:50:01.009','2026-02-02 13:25:03.306',1,30),
(407,2,1,'Gabriel Durán','526145281477','2026-02-02 00:00:00.000','13:30','pendiente',1,'2026-02-02 03:53:30.508','2026-02-02 12:25:03.108',1,30),
(408,2,1,'cristian','526141861561','2026-02-02 00:00:00.000','11:30','confirmada',1,'2026-02-02 06:30:40.606','2026-02-02 15:49:37.205',1,30),
(409,2,1,'BLOQUEO','526145471908','2026-02-02 00:00:00.000','11:00','pendiente',1,'2026-02-02 06:34:20.311','2026-02-02 09:55:12.604',1,30),
(410,2,1,'Yan Carlos Barrios','526143392851','2026-02-02 00:00:00.000','12:00','confirmada',0,'2026-02-02 17:04:11.708','2026-02-02 17:16:00.008',1,30),
(411,2,1,'Ethan','526145471908','2026-02-02 00:00:00.000','12:30','confirmada',0,'2026-02-02 17:15:38.308','2026-02-02 17:15:51.707',1,30),
(412,2,1,'Santi','526143776694','2026-02-09 00:00:00.000','15:00','pendiente',1,'2026-02-02 21:32:35.105','2026-02-09 13:55:09.199',1,30),
(413,2,1,'BLOQUEO','526145471908','2026-02-03 00:00:00.000','11:00','pendiente',1,'2026-02-03 03:06:15.803','2026-02-03 09:55:09.508',1,120),
(414,2,1,'Efraín Rentería','526145471908','2026-02-07 00:00:00.000','11:00','confirmada',1,'2026-02-03 05:36:18.005','2026-02-07 09:55:06.607',1,30),
(415,2,1,'Luis Omar Chavez Robledo','526141386621','2026-02-03 00:00:00.000','18:30','confirmada',1,'2026-02-03 15:17:56.003','2026-02-03 17:25:03.901',1,30),
(416,1,1,'Alan Perales','526141293671','2026-02-03 00:00:00.000','17:30','confirmada',0,'2026-02-03 22:15:42.803','2026-02-03 23:11:36.902',1,60),
(417,2,2,'Hyrum Eloy Arceo Corral','526143779872','2026-02-03 00:00:00.000','19:00','confirmada',0,'2026-02-04 00:08:07.805','2026-02-04 00:08:36.802',1,30),
(418,2,1,'Diego Soler','526142152820','2026-02-05 00:00:00.000','17:00','confirmada',1,'2026-02-04 05:01:51.404','2026-02-05 15:55:03.504',1,30),
(419,2,1,'BLOQUEO','526145471908','2026-02-04 00:00:00.000','11:00','pendiente',1,'2026-02-04 08:05:32.097','2026-02-04 09:55:03.106',1,30),
(420,2,3,'Fernando rodriguez','524329343151','2026-02-04 00:00:00.000','15:30','pendiente',0,'2026-02-04 16:48:57.601','2026-02-04 16:48:57.601',1,60),
(421,2,1,'Ruben duran','526141322411','2026-02-05 00:00:00.000','11:00','confirmada',1,'2026-02-05 01:03:18.604','2026-02-05 09:55:13.301',1,30),
(422,2,1,'Edgar','526144038848','2026-02-05 00:00:00.000','12:00','confirmada',1,'2026-02-05 02:57:49.998','2026-02-05 10:55:03.104',1,30),
(423,2,1,'Marco','526142773552','2026-02-05 00:00:00.000','15:00','confirmada',1,'2026-02-05 07:14:30.115','2026-02-05 15:42:04.406',1,30),
(424,2,1,'Dillan González','526251116694','2026-02-05 00:00:00.000','13:30','confirmada',0,'2026-02-05 15:37:42.208','2026-02-05 15:42:13.408',1,30),
(425,2,1,'Cesar lozano','526141275761','2026-02-05 00:00:00.000','17:30','confirmada',0,'2026-02-05 22:29:22.906','2026-02-05 22:46:33.308',1,30),
(426,2,1,'Emilio Mata','526484691375','2026-02-05 00:00:00.000','18:30','pendiente',0,'2026-02-06 00:26:07.903','2026-02-06 00:26:07.903',1,30),
(427,2,3,'Bloqueo','526145471908','2026-02-06 00:00:00.000','11:00','pendiente',1,'2026-02-06 06:33:34.304','2026-02-06 09:55:12.705',1,60),
(428,1,1,'adrián talamantes','526141386733','2026-02-06 00:00:00.000','17:30','confirmada',1,'2026-02-06 14:41:48.601','2026-02-06 17:38:45.605',1,30),
(429,2,1,'Gerardo Jiménez','526142030334','2026-02-06 00:00:00.000','18:30','confirmada',1,'2026-02-06 14:56:11.402','2026-02-06 23:50:58.206',1,60),
(430,2,1,'Jesús Campos','526143036977','2026-02-07 00:00:00.000','13:30','pendiente',1,'2026-02-06 16:52:14.301','2026-02-07 12:25:08.698',1,30),
(431,2,1,'Alfredo','526143609015','2026-02-06 00:00:00.000','13:00','confirmada',0,'2026-02-06 17:23:07.603','2026-02-06 17:23:36.801',1,30),
(432,2,1,'Jorge Alberto Ceballos Campuzano','52526143850566','2026-02-06 00:00:00.000','15:30','confirmada',0,'2026-02-06 21:22:57.701','2026-02-06 21:24:38.101',1,30),
(433,2,1,'Jesús','526143036977','2026-02-07 00:00:00.000','15:00','confirmada',1,'2026-02-06 23:45:45.602','2026-02-07 16:54:30.503',1,30),
(434,2,1,'BLOQUEO','526145471908','2026-02-07 00:00:00.000','11:30','pendiente',1,'2026-02-06 23:47:12.003','2026-02-07 10:25:02.507',1,120),
(435,2,3,'BLOQUEO','526145471908','2026-02-07 00:00:00.000','14:00','pendiente',1,'2026-02-06 23:50:39.704','2026-02-07 12:55:02.401',1,60),
(436,2,1,'Marco','526145471908','2026-02-06 00:00:00.000','19:30','confirmada',0,'2026-02-06 23:51:46.205','2026-02-06 23:52:00.403',1,30),
(437,2,1,'Ivan Jimenez','526142186552','2026-02-07 00:00:00.000','17:30','confirmada',1,'2026-02-07 01:04:52.007','2026-02-07 16:54:20.401',1,30),
(438,2,1,'Mario','526391759537','2026-02-07 00:00:00.000','15:30','confirmada',1,'2026-02-07 02:53:22.202','2026-02-07 16:54:14.805',1,30),
(439,2,3,'Osvald Villa','526182988384','2026-02-07 00:00:00.000','16:30','confirmada',1,'2026-02-07 03:08:33.902','2026-02-07 15:30:02.603',1,60),
(440,2,1,'Pablo Zambrano Echavarria','526143951368','2026-02-07 00:00:00.000','16:00','confirmada',0,'2026-02-07 16:18:54.102','2026-02-07 16:54:00.202',1,30),
(441,2,1,'Diego Molina','526145471908','2026-02-07 00:00:00.000','18:30','confirmada',1,'2026-02-07 17:19:57.704','2026-02-07 17:25:02.206',1,30),
(442,2,1,'Angel','526141979059','2026-02-07 00:00:00.000','18:00','confirmada',0,'2026-02-07 17:23:07.607','2026-02-07 17:23:28.203',1,30),
(443,1,1,'Antonio luna','526361171856','2026-02-07 00:00:00.000','14:00','confirmada',0,'2026-02-07 19:07:33.603','2026-02-07 19:40:28.700',1,30),
(444,1,1,'Ian Carlos Chávez Granados','526144707340','2026-02-07 00:00:00.000','19:00','confirmada',0,'2026-02-07 21:58:27.002','2026-02-07 22:58:04.203',1,30),
(445,2,4,'Diego Alejandro Chávez Granados','526141784736','2026-02-07 00:00:00.000','19:00','confirmada',0,'2026-02-07 21:59:12.901','2026-02-07 22:16:07.205',1,30),
(446,2,1,'Chayanne','526145471908','2026-02-07 00:00:00.000','19:30','confirmada',0,'2026-02-07 22:27:57.504','2026-02-07 22:28:20.204',1,30),
(447,2,1,'Pablo Zambrano Echavarria','526143951368','2026-02-09 00:00:00.000','13:00','confirmada',1,'2026-02-09 04:09:50.708','2026-02-09 11:55:02.801',1,30),
(448,2,1,'Angel','526141979059','2026-02-09 00:00:00.000','12:00','confirmada',1,'2026-02-09 04:23:07.107','2026-02-09 10:55:02.900',1,30),
(449,2,3,'BLOQUEO','526145471908','2026-02-09 00:00:00.000','11:00','confirmada',1,'2026-02-09 04:23:35.405','2026-02-09 09:55:14.403',1,60),
(450,2,3,'Angel Neria','525545753969','2026-02-09 00:00:00.000','18:30','confirmada',1,'2026-02-09 15:21:25.702','2026-02-09 17:25:02.604',1,60),
(451,2,1,'Carlos Loya','526141403321','2026-02-09 00:00:00.000','14:00','confirmada',0,'2026-02-09 16:18:27.701','2026-02-09 17:13:20.106',1,30),
(452,2,3,'Carlos Escárcega Ramos','526141971391','2026-02-10 00:00:00.000','19:00','confirmada',1,'2026-02-10 03:07:03.406','2026-02-10 18:03:20.102',1,60),
(453,2,1,'Eliel Mejia','524331038106','2026-02-10 00:00:00.000','16:30','confirmada',1,'2026-02-10 15:13:31.205','2026-02-10 18:03:10.202',1,30),
(454,2,1,'Diego Hernandez sanchez','526143704825','2026-02-11 00:00:00.000','14:00','confirmada',1,'2026-02-10 16:11:21.001','2026-02-11 12:55:03.502',1,30),
(455,2,1,'Víctor Avitia','526141875694','2026-02-10 00:00:00.000','18:30','confirmada',0,'2026-02-10 20:19:46.501','2026-02-10 21:39:17.904',1,30),
(456,2,1,'Leo','526141100109','2026-02-11 00:00:00.000','14:30','confirmada',1,'2026-02-11 07:10:45.905','2026-02-11 13:30:01.907',1,30),
(457,2,1,'Luis Omar Chavez Robledo','526141386621','2026-02-11 00:00:00.000','18:30','confirmada',1,'2026-02-11 12:08:28.401','2026-02-11 17:25:02.501',1,30),
(458,2,1,'Fernando','526391104827','2026-02-11 00:00:00.000','15:00','confirmada',0,'2026-02-11 16:11:59.302','2026-02-11 16:12:22.505',1,30),
(459,2,3,'BLOQUEO','526145471908','2026-02-11 00:00:00.000','12:00','pendiente',0,'2026-02-11 17:32:32.900','2026-02-11 17:32:32.900',1,60),
(460,2,1,'Alexis','526141886229','2026-02-11 00:00:00.000','16:30','confirmada',0,'2026-02-11 17:41:12.201','2026-02-11 17:55:22.701',1,30),
(461,2,1,'Angel','528717557605','2026-02-11 00:00:00.000','15:30','confirmada',0,'2026-02-11 18:27:20.901','2026-02-11 18:29:40.401',1,30),
(462,9,28,'Alfredo payan','526271494963','2026-02-12 00:00:00.000','10:00','pendiente',1,'2026-02-11 21:38:50.802','2026-02-12 08:55:11.009',4,30),
(463,9,28,'Alfredo payan','526271494963','2026-02-11 00:00:00.000','16:30','confirmada',0,'2026-02-11 21:42:20.801','2026-02-11 21:43:30.802',4,30),
(464,1,1,'Carlos Alejandro Chavez Robledo','526141989005','2026-02-13 00:00:00.000','17:30','pendiente',0,'2026-02-13 23:12:34.006','2026-02-13 23:12:34.006',1,30),
(465,3,1,'Miguel Reyes','526141611467','2026-02-14 00:00:00.000','10:00','pendiente',1,'2026-02-14 04:15:01.009','2026-02-14 08:55:14.204',1,30),
(466,3,1,'Miguel Antonio','526141243180','2026-02-14 00:00:00.000','10:30','pendiente',1,'2026-02-14 04:16:48.309','2026-02-14 09:25:02.604',1,30),
(467,3,1,'Miguel Reyes','526141243180','2026-02-14 00:00:00.000','11:00','pendiente',0,'2026-02-14 16:24:19.902','2026-02-14 16:24:19.902',1,60),
(468,3,1,'Miguel Antonio','526141611467','2026-02-14 00:00:00.000','12:00','pendiente',0,'2026-02-14 16:25:46.402','2026-02-14 16:25:46.402',1,30),
(469,1,1,'Alan perales','526141293671','2026-02-14 00:00:00.000','14:00','confirmada',0,'2026-02-14 18:22:54.408','2026-02-14 18:23:11.404',1,30),
(470,1,3,'Jr Salinas','19153441258','2026-02-14 00:00:00.000','17:30','pendiente',0,'2026-02-15 00:11:06.406','2026-02-15 00:11:06.406',1,60),
(471,1,1,'Adrian chavira','526146552126','2026-02-16 00:00:00.000','19:30','confirmada',1,'2026-02-16 13:09:04.802','2026-02-16 19:22:43.505',1,30),
(472,1,3,'Javier Perea','526141827823','2026-02-16 00:00:00.000','18:00','confirmada',0,'2026-02-16 20:57:54.104','2026-02-16 20:58:26.305',1,60),
(473,2,2,'Marco Villalobos','526391555255','2026-02-18 00:00:00.000','14:30','confirmada',1,'2026-02-17 18:50:09.805','2026-02-18 15:14:16.203',1,30),
(474,3,1,'Matteo Armendáriz','526141890593','2026-02-17 00:00:00.000','15:00','pendiente',0,'2026-02-17 20:23:46.008','2026-02-17 20:23:46.008',1,30),
(475,1,1,'Mathias Armendáriz','526141890593','2026-02-17 00:00:00.000','15:00','confirmada',0,'2026-02-17 20:24:33.911','2026-02-17 20:25:12.807',1,30),
(476,1,1,'Raul Rascon','526141550712','2026-02-17 00:00:00.000','18:30','confirmada',0,'2026-02-17 21:30:58.604','2026-02-17 21:34:00.207',1,30),
(477,2,1,'Diego Flores','526145693486','2026-02-18 00:00:00.000','16:30','confirmada',1,'2026-02-17 21:34:22.704','2026-02-18 15:25:04.205',1,30),
(478,1,1,'Axel Ibarra','526146021133','2026-02-17 00:00:00.000','19:00','confirmada',0,'2026-02-17 22:06:56.708','2026-02-17 22:07:17.709',1,30),
(479,2,3,'mmm','526145471908','2026-02-18 00:00:00.000','11:00','pendiente',0,'2026-02-18 12:23:59.403','2026-02-18 12:23:59.403',1,60),
(480,1,1,'Iker Armendariz','526142254942','2026-02-18 00:00:00.000','16:00','confirmada',0,'2026-02-18 15:08:49.302','2026-02-18 21:13:29.504',1,30),
(481,2,1,'Angel','526141979059','2026-02-19 00:00:00.000','12:00','pendiente',1,'2026-02-18 15:49:58.803','2026-02-19 10:55:02.503',1,30),
(482,1,1,'cristian','526141861561','2026-02-19 00:00:00.000','17:30','confirmada',1,'2026-02-18 21:13:15.502','2026-02-19 16:25:03.300',1,30),
(483,2,1,'Emiliano Jimenez','5261404690458','2026-02-18 00:00:00.000','19:30','confirmada',0,'2026-02-18 21:23:56.505','2026-02-18 23:42:23.995',1,30),
(484,2,1,'Luis Omar Chavez Robledo','526141386621','2026-02-18 00:00:00.000','19:00','confirmada',0,'2026-02-18 23:07:54.094','2026-02-18 23:42:15.798',1,30),
(485,2,3,'Armando Alvarado','19189601572','2026-02-18 00:00:00.000','18:00','confirmada',0,'2026-02-18 23:18:56.895','2026-02-18 23:42:09.499',1,60),
(486,9,28,'David Chavira','526275211695','2026-02-19 00:00:00.000','11:00','confirmada',1,'2026-02-19 03:39:47.014','2026-02-19 09:55:03.044',4,30),
(487,2,3,'BLOQUEO','526145471908','2026-02-19 00:00:00.000','11:00','pendiente',1,'2026-02-19 09:11:42.203','2026-02-19 09:55:03.138',1,60),
(488,2,1,'Jorgito','526145471908','2026-02-19 00:00:00.000','18:00','confirmada',1,'2026-02-19 09:12:00.702','2026-02-19 19:43:52.396',1,30),
(489,2,1,'Jesus Ceballos','526141163721','2026-02-21 00:00:00.000','14:00','confirmada',1,'2026-02-19 15:49:59.401','2026-02-21 12:55:04.402',1,30),
(490,2,1,'Dael Valdez','526146024690','2026-02-20 00:00:00.000','13:00','pendiente',1,'2026-02-19 19:16:54.498','2026-02-20 11:55:04.004',1,30),
(491,2,1,'Garza','526144061512','2026-02-19 00:00:00.000','16:00','confirmada',0,'2026-02-19 19:43:21.800','2026-02-19 19:48:35.097',1,30),
(492,2,1,'Leo Salcido','526141936318','2026-02-21 00:00:00.000','16:00','confirmada',1,'2026-02-19 20:50:38.198','2026-02-21 14:55:02.605',1,30),
(493,2,1,'Jesus ceballos','526141163721','2026-02-21 00:00:00.000','15:00','confirmada',1,'2026-02-19 21:20:44.099','2026-02-21 15:15:32.395',1,30),
(494,2,1,'URN','526145471908','2026-02-21 00:00:00.000','11:00','pendiente',1,'2026-02-19 22:05:26.295','2026-02-21 09:55:05.701',1,150),
(495,2,1,'BLOQUEO','526145471908','2026-02-20 00:00:00.000','11:00','pendiente',1,'2026-02-20 05:54:51.309','2026-02-20 09:55:07.304',1,90),
(496,2,1,'Jair','526144616990','2026-02-20 00:00:00.000','14:30','confirmada',1,'2026-02-20 05:56:37.609','2026-02-20 16:42:21.803',1,90),
(497,2,1,'Edgar Estrada','526141229003','2026-02-20 00:00:00.000','12:30','confirmada',0,'2026-02-20 13:55:30.004','2026-02-20 16:42:02.098',1,30),
(498,1,1,'Santiago Portillo Gallegos','526275214495','2026-02-20 00:00:00.000','15:00','pendiente',0,'2026-02-20 15:56:19.597','2026-02-20 15:56:19.597',1,30),
(499,2,1,'Ethan Zamarrón','526143274710','2026-02-20 00:00:00.000','16:30','confirmada',0,'2026-02-20 16:36:20.103','2026-02-20 16:42:11.203',1,30),
(500,2,1,'Miguel Reyes','526141611467','2026-02-21 00:00:00.000','16:30','confirmada',1,'2026-02-20 19:57:30.600','2026-02-21 15:25:04.198',1,30),
(501,2,1,'URN','526145471908','2026-02-21 00:00:00.000','13:30','pendiente',0,'2026-02-21 15:14:25.896','2026-02-21 15:14:25.896',1,30),
(502,2,1,'urn','526145471908','2026-02-21 00:00:00.000','14:30','pendiente',0,'2026-02-21 15:14:47.997','2026-02-21 15:14:47.997',1,30),
(503,2,1,'Brahim','526143169753','2026-02-21 00:00:00.000','15:30','confirmada',0,'2026-02-21 15:48:21.194','2026-02-21 15:49:14.900',1,30),
(504,2,1,'Angel','526341106563','2026-02-21 00:00:00.000','19:00','confirmada',1,'2026-02-21 16:03:19.094','2026-02-21 17:55:03.596',1,30),
(505,2,1,'Osvald Villa','526182988384','2026-02-21 00:00:00.000','17:00','confirmada',0,'2026-02-21 16:05:06.996','2026-02-21 16:05:21.398',1,30),
(506,2,1,'Eliel Mejia','524331038106','2026-02-21 00:00:00.000','17:30','confirmada',1,'2026-02-21 16:23:36.601','2026-02-21 16:51:22.201',1,30),
(507,2,1,'Gerardo Aquino','526141755191','2026-02-21 00:00:00.000','18:00','confirmada',0,'2026-02-21 18:18:31.304','2026-02-21 18:49:33.699',1,30),
(508,2,1,'Lester','526142211967','2026-02-21 00:00:00.000','19:30','confirmada',0,'2026-02-21 21:47:45.102','2026-02-21 23:04:23.811',1,30),
(509,2,1,'Bryan Ordoñez','526142840087','2026-02-21 00:00:00.000','18:30','confirmada',0,'2026-02-21 23:21:34.378','2026-02-21 23:28:49.978',1,30),
(510,2,1,'DESCANSO','526145471908','2026-02-23 00:00:00.000','11:00','pendiente',1,'2026-02-23 07:16:40.997','2026-02-23 09:55:05.196',1,90),
(511,2,1,'Emiliano holguin','526144073484','2026-02-24 00:00:00.000','14:30','confirmada',1,'2026-02-23 21:42:53.098','2026-02-24 18:45:33.797',1,60),
(512,2,2,'DESCSNSO','526145471908','2026-02-24 00:00:00.000','11:00','pendiente',1,'2026-02-24 06:29:38.499','2026-02-24 09:55:06.899',1,90),
(513,2,1,'Braulio Michel','526144682229','2026-02-25 00:00:00.000','17:00','confirmada',1,'2026-02-24 21:03:11.809','2026-02-25 15:55:05.311',1,30),
(514,3,1,'Alejandro Montes','527223824676','2026-02-25 00:00:00.000','13:00','confirmada',1,'2026-02-24 21:49:23.910','2026-02-25 18:58:01.811',1,30),
(515,2,1,'Luis Blanco','526144669343','2026-02-24 00:00:00.000','19:30','confirmada',0,'2026-02-25 00:35:09.501','2026-02-25 00:40:54.500',1,30),
(516,2,3,'Irving Perez','18324105110','2026-03-12 00:00:00.000','11:00','confirmada',1,'2026-02-25 16:45:35.906','2026-03-12 09:55:03.205',1,60),
(517,2,1,'Luis Omar Chavez Robledo','526141386621','2026-02-25 00:00:00.000','19:30','confirmada',1,'2026-02-25 16:49:35.004','2026-02-25 18:25:03.807',1,30),
(518,2,1,'BLOQUEO','526145471908','2026-02-25 00:00:00.000','11:00','pendiente',0,'2026-02-25 16:58:19.604','2026-02-25 16:58:19.604',1,90),
(519,2,1,'Angel','526141979059','2026-02-27 00:00:00.000','11:00','confirmada',1,'2026-02-25 20:32:35.403','2026-02-27 09:55:04.710',1,30),
(520,2,1,'Edir','526145471908','2026-02-26 00:00:00.000','16:00','cancelada',0,'2026-02-25 20:42:37.501','2026-02-27 00:43:11.596',1,30),
(521,1,2,'Guillermo Prietrodarca','526147854154','2026-03-03 00:00:00.000','15:00','pendiente',1,'2026-02-25 21:22:57.198','2026-03-03 13:55:05.403',1,90),
(522,2,1,'CESAR VILLALOBOS','526272794709','2026-02-25 00:00:00.000','17:30','pendiente',0,'2026-02-25 21:57:25.105','2026-02-25 21:57:25.105',1,30),
(523,2,1,'Ivan','526145093144','2026-02-26 00:00:00.000','13:30','confirmada',1,'2026-02-25 22:16:36.811','2026-02-26 12:25:05.601',1,30),
(524,2,2,'Emilio Mata','526484691375','2026-02-25 00:00:00.000','18:30','pendiente',0,'2026-02-26 00:21:37.610','2026-02-26 00:21:37.610',1,60),
(525,3,1,'Javier Flores','526143738082','2026-02-28 00:00:00.000','11:00','confirmada',1,'2026-02-26 00:33:22.919','2026-02-28 09:55:07.594',1,30),
(526,2,1,'Luis Omar Chavez Robledo','526141386621','2026-03-04 00:00:00.000','19:00','pendiente',1,'2026-02-26 01:23:48.684','2026-03-04 17:55:03.897',1,30),
(527,2,1,'Pelon pelo rico','526146998857','2026-02-26 00:00:00.000','11:00','pendiente',0,'2026-02-26 16:00:44.205','2026-02-26 16:00:44.205',1,30),
(528,2,1,'Ray','526142532749','2026-02-26 00:00:00.000','14:30','confirmada',0,'2026-02-26 19:34:55.904','2026-02-26 19:35:19.100',1,30),
(529,2,1,'Cliente','526145471908','2026-02-26 00:00:00.000','18:30','cancelada',0,'2026-02-26 22:44:07.802','2026-02-27 00:43:15.897',1,30),
(530,2,1,'URN','526145471908','2026-02-28 00:00:00.000','11:00','pendiente',1,'2026-02-27 00:40:45.602','2026-02-28 09:55:07.398',1,120),
(531,2,1,'URN','526145471908','2026-02-28 00:00:00.000','13:00','pendiente',1,'2026-02-27 00:41:10.202','2026-02-28 11:55:03.202',1,120),
(532,2,1,'Daniel Becerra','526144273558','2026-02-27 00:00:00.000','12:30','confirmada',1,'2026-02-27 01:16:42.100','2026-02-27 11:25:03.523',1,30),
(533,2,1,'Héctor Madrid','526141374683','2026-02-27 00:00:00.000','11:30','confirmada',1,'2026-02-27 02:22:16.215','2026-02-27 10:25:03.238',1,30),
(534,2,1,'Nico bb','526141091282','2026-02-27 00:00:00.000','12:00','confirmada',1,'2026-02-27 06:42:57.704','2026-02-27 10:55:03.330',1,30),
(535,3,1,'Stevan nevares','526141300304','2026-02-27 00:00:00.000','12:00','confirmada',0,'2026-02-27 16:20:02.220','2026-02-27 16:20:39.820',1,30),
(536,2,1,'Gerardo Jiménez','526142030334','2026-02-27 00:00:00.000','18:30','confirmada',1,'2026-02-27 17:25:33.824','2026-02-27 19:17:39.424',1,30),
(537,1,1,'Edgar Sanchez','526143981189','2026-02-27 00:00:00.000','18:00','confirmada',0,'2026-02-27 19:13:16.424','2026-02-27 22:58:00.326',1,30),
(538,2,1,'edgar','526145471908','2026-02-27 00:00:00.000','13:30','confirmada',0,'2026-02-27 19:19:21.421','2026-02-27 19:19:45.222',1,30),
(539,2,1,'Jesús Campos','526143036977','2026-02-28 00:00:00.000','16:30','confirmada',1,'2026-02-28 04:08:20.122','2026-02-28 15:25:02.906',1,30),
(540,2,1,'Sebastian granadod','526146081665','2026-02-28 00:00:00.000','19:30','confirmada',1,'2026-02-28 04:41:12.325','2026-02-28 18:25:02.599',1,30),
(541,2,2,'Fernando rodriguez','524329343151','2026-02-28 00:00:00.000','15:00','confirmada',0,'2026-02-28 14:23:59.602','2026-02-28 15:22:26.703',1,90),
(542,2,1,'Haziel Lozoya','526141959621','2026-02-28 00:00:00.000','17:00','confirmada',0,'2026-02-28 16:46:09.404','2026-02-28 17:00:46.302',1,30),
(543,2,1,'Juan','526145046958','2026-02-28 00:00:00.000','17:30','confirmada',0,'2026-02-28 18:07:21.001','2026-02-28 18:12:24.501',1,30),
(544,1,1,'Alex Reyes','526141925134','2026-02-28 00:00:00.000','16:00','pendiente',0,'2026-02-28 18:58:46.096','2026-02-28 18:58:46.096',1,30),
(545,1,1,'Orlando Rico','526143362465','2026-02-28 00:00:00.000','14:00','pendiente',0,'2026-02-28 19:39:53.899','2026-02-28 19:39:53.899',1,30),
(546,2,1,'Alexis Vargas','526141953136','2026-03-02 00:00:00.000','11:30','pendiente',1,'2026-02-28 22:10:11.398','2026-03-02 10:25:06.004',1,30),
(547,1,1,'Alan Perales','526141293671','2026-03-02 00:00:00.000','18:00','pendiente',0,'2026-03-02 17:38:36.104','2026-03-02 17:38:36.104',1,30),
(548,2,1,'Dillan González','526251116694','2026-03-02 00:00:00.000','13:00','confirmada',0,'2026-03-02 18:40:44.597','2026-03-02 18:40:59.696',1,30),
(549,2,1,'Jair','526144616990','2026-03-02 00:00:00.000','19:00','confirmada',0,'2026-03-02 18:42:35.898','2026-03-02 18:43:00.797',1,30),
(550,2,1,'Íker','526145471908','2026-03-02 00:00:00.000','18:00','confirmada',0,'2026-03-02 20:53:27.903','2026-03-02 21:08:24.302',1,30),
(551,2,1,'Braulio','528120640904','2026-03-02 00:00:00.000','16:00','pendiente',0,'2026-03-02 21:09:28.703','2026-03-02 21:09:28.703',1,30),
(552,2,1,'Luis','526145471908','2026-03-02 00:00:00.000','19:30','pendiente',0,'2026-03-02 22:02:44.304','2026-03-02 22:02:44.304',1,30),
(553,2,1,'Descanso','526145471908','2026-03-03 00:00:00.000','11:00','pendiente',0,'2026-03-03 16:16:37.002','2026-03-03 16:16:37.002',1,90),
(554,2,1,'Rodrigo Ruiz','526141300776','2026-03-03 00:00:00.000','13:30','pendiente',0,'2026-03-03 19:02:40.900','2026-03-03 19:02:40.900',1,30),
(555,2,1,'Alex','526147347960','2026-03-03 00:00:00.000','19:00','confirmada',0,'2026-03-03 20:41:43.012','2026-03-03 20:42:30.115',1,30),
(556,2,1,'Luis Omar Chavez Robledo','526141386621','2026-03-03 00:00:00.000','18:30','confirmada',0,'2026-03-03 23:32:28.205','2026-03-03 23:32:56.701',1,30),
(557,2,1,'DESCANSO','526145471908','2026-03-04 00:00:00.000','11:00','pendiente',1,'2026-03-04 08:04:59.903','2026-03-04 09:55:03.005',1,90),
(558,2,1,'Alfredo Ruiz','526143609015','2026-03-04 00:00:00.000','17:00','confirmada',1,'2026-03-04 15:36:56.900','2026-03-04 17:29:17.095',1,30),
(559,2,1,'Edgar Zapata','526144038848','2026-03-04 00:00:00.000','13:30','confirmada',0,'2026-03-04 17:28:38.495','2026-03-04 17:29:10.699',1,30),
(560,2,3,'DESCANSO','526145471908','2026-03-04 00:00:00.000','12:30','pendiente',0,'2026-03-04 17:29:41.994','2026-03-04 17:29:41.994',1,60),
(561,2,1,'Edgar Zapata','526144038848','2026-03-04 00:00:00.000','14:00','confirmada',0,'2026-03-04 18:26:26.001','2026-03-04 18:26:57.800',1,30),
(562,2,1,'Miguel Garcia','526143763880','2026-03-04 00:00:00.000','17:30','pendiente',0,'2026-03-04 20:35:00.303','2026-03-04 20:35:00.303',1,30),
(563,2,3,'BLOQUEO','526145471908','2026-03-04 00:00:00.000','15:30','pendiente',0,'2026-03-04 21:16:29.598','2026-03-04 21:16:29.598',1,60),
(564,2,1,'Cadena','526141018056','2026-03-05 00:00:00.000','12:00','confirmada',1,'2026-03-04 22:15:29.052','2026-03-05 10:55:01.430',1,30),
(565,2,3,'Valak Gallardo','526143343725','2026-03-05 00:00:00.000','11:00','confirmada',1,'2026-03-04 22:19:50.948','2026-03-05 09:55:06.599',1,60),
(566,2,3,'Angel Neria','525545753969','2026-03-05 00:00:00.000','16:00','confirmada',1,'2026-03-05 14:48:30.430','2026-03-05 17:18:42.387',1,60),
(567,2,3,'Angel Neria','525545753969','2026-03-05 00:00:00.000','18:00','confirmada',0,'2026-03-05 22:12:40.088','2026-03-05 22:42:43.040',1,60),
(568,2,1,'Ivan Diaz','526142248581','2026-03-05 00:00:00.000','17:30','confirmada',0,'2026-03-05 22:18:45.287','2026-03-05 22:42:36.824',1,30),
(569,2,1,'Cesar lozano','526141275761','2026-03-05 00:00:00.000','19:00','pendiente',0,'2026-03-06 00:14:07.328','2026-03-06 00:14:07.328',1,30),
(570,1,1,'Cesar lozano','526141275761','2026-03-05 00:00:00.000','19:00','confirmada',0,'2026-03-06 00:14:36.523','2026-03-06 00:38:23.523',1,30),
(571,2,1,'Angel','526141979059','2026-03-06 00:00:00.000','11:00','confirmada',1,'2026-03-06 02:12:47.724','2026-03-06 09:55:03.142',1,30),
(572,2,1,'Samuel Ontiveros','526141414839','2026-03-06 00:00:00.000','11:30','confirmada',1,'2026-03-06 04:34:20.634','2026-03-06 10:25:02.788',1,30),
(573,2,1,'Andrik','526141988880','2026-03-06 00:00:00.000','12:30','confirmada',0,'2026-03-06 16:46:05.924','2026-03-06 16:55:24.231',1,30),
(574,2,2,'Víctor Avitia','526141875694','2026-03-06 00:00:00.000','13:00','pendiente',0,'2026-03-06 17:55:50.220','2026-03-06 17:55:50.220',1,90),
(575,2,1,'Manuel Marioni','526251000327','2026-03-06 00:00:00.000','14:30','confirmada',0,'2026-03-06 20:07:07.921','2026-03-06 20:15:40.823',1,30),
(576,2,1,'Urn','526145471908','2026-03-07 00:00:00.000','11:00','pendiente',1,'2026-03-06 21:41:33.928','2026-03-07 09:55:01.932',1,150),
(577,2,2,'URN','526145471908','2026-03-07 00:00:00.000','13:30','pendiente',1,'2026-03-06 21:42:13.420','2026-03-07 12:25:01.643',1,90),
(578,2,4,'Dani','526145471908','2026-03-06 00:00:00.000','17:30','pendiente',0,'2026-03-06 22:30:25.625','2026-03-06 22:30:25.625',1,30),
(579,2,3,'Ernesto Varela','526144587073','2026-03-06 00:00:00.000','18:30','confirmada',0,'2026-03-06 23:13:54.030','2026-03-06 23:14:27.834',1,60),
(580,2,1,'Andres RG','526141424007','2026-03-06 00:00:00.000','18:00','confirmada',0,'2026-03-06 23:42:02.095','2026-03-06 23:45:56.587',1,30),
(581,2,3,'Abimael Rios','526143545324','2026-03-07 00:00:00.000','16:00','confirmada',1,'2026-03-07 00:14:31.722','2026-03-07 14:55:01.372',1,60),
(582,2,3,'DESCANSO','526145471908','2026-03-07 00:00:00.000','19:00','pendiente',1,'2026-03-07 14:10:37.929','2026-03-07 17:55:01.841',1,60),
(583,2,1,'Osvald Villa','526182988384','2026-03-07 00:00:00.000','17:30','confirmada',1,'2026-03-07 16:21:37.231','2026-03-07 16:25:01.472',1,60),
(584,2,1,'Angel Eduardo Carrillo Ortiz','526271326804','2026-03-07 00:00:00.000','18:30','confirmada',0,'2026-03-07 17:45:38.923','2026-03-07 17:46:17.937',1,30),
(585,2,1,'Ethan Zamarrón','526143274710','2026-03-07 00:00:00.000','15:30','confirmada',0,'2026-03-07 21:13:07.412','2026-03-07 21:13:18.493',1,30),
(586,2,1,'Carlos Loya','526141403321','2026-03-09 00:00:00.000','18:30','confirmada',1,'2026-03-09 01:04:47.826','2026-03-09 19:45:36.317',1,30),
(587,2,1,'DESCANSO','526145471908','2026-03-09 00:00:00.000','11:00','pendiente',1,'2026-03-09 09:01:18.143','2026-03-09 09:55:02.021',1,90),
(588,1,3,'Ramses Peña','526521060938','2026-03-09 00:00:00.000','17:30','confirmada',0,'2026-03-09 19:47:33.024','2026-03-09 19:48:11.015',1,60),
(589,1,1,'Raul Rascon','526141550712','2026-03-09 00:00:00.000','18:30','confirmada',0,'2026-03-09 20:41:49.818','2026-03-09 21:30:11.424',1,30),
(590,11,36,'Edmundo Santiesteban','526141590034','2026-03-13 00:00:00.000','12:00','confirmada',1,'2026-03-09 22:10:18.026','2026-03-13 10:55:01.547',5,60),
(591,2,1,'Jorge Rios','525545259534','2026-03-09 00:00:00.000','19:30','pendiente',0,'2026-03-09 23:29:40.239','2026-03-09 23:29:40.239',1,30),
(592,2,1,'Gerardo Jiménez','526142030334','2026-03-12 00:00:00.000','17:30','pendiente',1,'2026-03-10 01:42:41.921','2026-03-12 16:25:02.969',1,30),
(593,2,3,'BLOQUEO','526145471908','2026-03-10 00:00:00.000','11:00','pendiente',1,'2026-03-10 06:12:32.227','2026-03-10 09:55:03.024',1,60),
(594,2,1,'Santiago Gardea','526145500838','2026-03-10 00:00:00.000','16:00','confirmada',1,'2026-03-10 14:32:21.321','2026-03-10 16:31:20.217',1,30),
(595,2,1,'Santiago Gardea','526145500838','2026-03-10 00:00:00.000','18:00','confirmada',1,'2026-03-10 14:36:42.825','2026-03-10 16:55:01.755',1,30),
(596,2,1,'Gerardo Gardea','526143682565','2026-03-10 00:00:00.000','18:30','confirmada',1,'2026-03-10 14:38:38.227','2026-03-10 17:25:01.540',1,30),
(597,2,1,'Luis Omar Chavez Robledo','526141386621','2026-03-10 00:00:00.000','12:00','confirmada',0,'2026-03-10 15:54:56.238','2026-03-10 16:31:38.277',1,30),
(598,2,1,'Marco','526145471908','2026-03-10 00:00:00.000','19:30','pendiente',0,'2026-03-10 22:49:25.734','2026-03-10 22:49:25.734',1,30),
(599,2,1,'Enrique','526145471908','2026-03-10 00:00:00.000','17:00','pendiente',0,'2026-03-10 22:49:39.355','2026-03-10 22:49:39.355',1,30),
(600,2,1,'Marco','526145471908','2026-03-10 00:00:00.000','19:00','pendiente',0,'2026-03-10 22:54:30.602','2026-03-10 22:54:30.602',1,30),
(601,2,1,'BLOQUEAR','526145471908','2026-03-11 00:00:00.000','11:00','pendiente',1,'2026-03-11 06:25:17.807','2026-03-11 09:55:02.903',1,120),
(602,2,1,'Polo','526142258112','2026-03-12 00:00:00.000','12:00','confirmada',1,'2026-03-11 15:07:35.124','2026-03-12 10:55:02.630',1,50),
(603,2,1,'Angel','526141566197','2026-03-11 00:00:00.000','19:30','pendiente',1,'2026-03-11 16:14:04.435','2026-03-11 18:25:02.229',1,30),
(604,2,3,'BLOQUEO','526145471908','2026-03-11 00:00:00.000','13:00','pendiente',0,'2026-03-11 16:17:33.929','2026-03-11 16:17:33.929',1,60),
(605,2,1,'Erik','526145117943','2026-03-13 00:00:00.000','14:00','pendiente',1,'2026-03-11 18:06:56.041','2026-03-13 12:55:01.535',1,30),
(606,2,1,'Ricardo Molina','526143947114','2026-03-11 00:00:00.000','19:00','pendiente',0,'2026-03-12 00:31:32.158','2026-03-12 00:31:32.158',1,30),
(607,2,1,'Pablo Zambrano','526143951368','2026-03-13 00:00:00.000','13:30','pendiente',1,'2026-03-12 00:46:52.937','2026-03-13 12:25:01.870',1,30),
(608,2,1,'Erick Mendez','526144278230','2026-03-12 00:00:00.000','18:30','confirmada',1,'2026-03-12 15:02:17.104','2026-03-12 21:32:21.419',1,30),
(609,2,3,'Polo','526142258112','2026-03-12 00:00:00.000','14:00','pendiente',0,'2026-03-12 18:34:13.531','2026-03-12 18:34:13.531',1,60),
(610,3,1,'Polo','526142258112','2026-03-12 00:00:00.000','14:00','pendiente',0,'2026-03-12 18:34:36.625','2026-03-12 18:34:36.625',1,30),
(611,2,1,'Cliente','526145471908','2026-03-12 00:00:00.000','19:00','pendiente',0,'2026-03-12 21:36:12.192','2026-03-12 21:36:12.192',1,30),
(612,2,1,'Marco','526142773552','2026-03-12 00:00:00.000','18:00','pendiente',0,'2026-03-12 21:36:52.687','2026-03-12 21:36:52.687',1,30),
(613,2,1,'Javier','526141074024','2026-03-13 00:00:00.000','12:00','confirmada',1,'2026-03-13 00:15:19.332','2026-03-13 10:55:01.838',1,30),
(614,2,3,'BLOQUEO','526145471908','2026-03-13 00:00:00.000','11:00','pendiente',1,'2026-03-13 00:15:38.927','2026-03-13 09:55:02.980',1,60),
(615,2,1,'Angel','526141979059','2026-03-13 00:00:00.000','12:30','confirmada',1,'2026-03-13 02:44:44.126','2026-03-13 17:43:13.631',1,30),
(616,2,1,'Héctor Madrid','526141374683','2026-03-13 00:00:00.000','14:30','confirmada',1,'2026-03-13 03:33:55.430','2026-03-13 17:43:07.432',1,30),
(617,2,1,'Jair','526144616990','2026-03-13 00:00:00.000','15:00','confirmada',1,'2026-03-13 03:55:02.358','2026-03-13 17:42:58.075',1,30),
(618,1,1,'Alan Perales','526141293671','2026-03-13 00:00:00.000','14:30','confirmada',0,'2026-03-13 15:41:46.815','2026-03-13 16:42:41.498',1,30),
(619,1,1,'adrian talamantes','526141386733','2026-03-13 00:00:00.000','17:30','confirmada',1,'2026-03-13 16:23:38.796','2026-03-13 16:42:54.245',1,30),
(620,2,1,'Gerardo Aquino','526141755191','2026-03-14 00:00:00.000','15:00','confirmada',1,'2026-03-13 18:19:22.333','2026-03-14 13:55:01.937',1,60),
(621,2,1,'Mau','526361143232','2026-03-13 00:00:00.000','19:30','confirmada',0,'2026-03-13 18:31:35.133','2026-03-13 18:31:48.659',1,30),
(622,2,1,'URN','526145471908','2026-03-14 00:00:00.000','11:00','pendiente',1,'2026-03-13 18:32:09.342','2026-03-14 09:55:02.250',1,120),
(623,2,3,'URN','526145471908','2026-03-14 00:00:00.000','13:00','pendiente',1,'2026-03-13 18:32:52.730','2026-03-14 11:55:02.112',1,60),
(624,2,3,'URN','526145471908','2026-03-14 00:00:00.000','14:00','pendiente',1,'2026-03-13 18:33:06.582','2026-03-14 12:55:01.967',1,60),
(625,2,1,'Marco','526145471908','2026-03-13 00:00:00.000','13:00','pendiente',0,'2026-03-13 18:33:34.714','2026-03-13 18:33:34.714',1,30),
(626,1,1,'Andre','526145471908','2026-03-13 00:00:00.000','17:00','pendiente',0,'2026-03-13 18:37:35.826','2026-03-13 18:37:35.826',1,30),
(627,2,1,'Ceballos','526141163721','2026-03-14 00:00:00.000','16:00','confirmada',1,'2026-03-13 19:44:30.038','2026-03-14 14:55:03.333',1,30),
(628,2,1,'ANDRE','526145471908','2026-03-13 00:00:00.000','17:00','pendiente',0,'2026-03-13 21:24:45.026','2026-03-13 21:24:45.026',1,30),
(629,1,1,'AlexReyes','526141925134','2026-03-14 00:00:00.000','15:00','pendiente',1,'2026-03-14 02:00:15.218','2026-03-14 13:55:02.020',1,30),
(630,2,1,'André Rentería','526145471908','2026-03-14 00:00:00.000','19:00','pendiente',1,'2026-03-14 08:48:30.834','2026-03-14 17:55:01.966',1,30),
(631,2,1,'Eduardo Padilla','526145162932','2026-03-14 00:00:00.000','17:30','confirmada',0,'2026-03-14 18:00:16.228','2026-03-14 18:01:02.807',1,30),
(632,2,2,'Cesar Villalobos','526272794709','2026-03-14 00:00:00.000','16:30','confirmada',0,'2026-03-14 19:14:41.728','2026-03-14 20:48:03.726',1,30),
(633,2,1,'Yan Carlos Barrios','526143392851','2026-03-14 00:00:00.000','17:00','confirmada',0,'2026-03-14 19:44:25.925','2026-03-14 20:48:10.524',1,30),
(634,1,1,'Edgar Ochoa','526361315800','2026-03-16 00:00:00.000','13:00','confirmada',1,'2026-03-15 22:54:30.623','2026-03-16 18:41:07.639',1,30),
(635,2,3,'ANDRÉ','526145471908','2026-03-16 00:00:00.000','11:00','pendiente',1,'2026-03-16 08:04:43.027','2026-03-16 09:55:03.035',1,60),
(636,2,1,'DESCANSO','526145471908','2026-03-17 00:00:00.000','11:00','pendiente',1,'2026-03-17 08:05:15.199','2026-03-17 09:55:01.679',1,90),
(637,2,1,'Cliente','526145471908','2026-03-17 00:00:00.000','15:30','pendiente',0,'2026-03-17 16:11:50.021','2026-03-17 16:11:50.021',1,30),
(638,2,3,'Fernando','524329343151','2026-03-17 00:00:00.000','18:00','confirmada',1,'2026-03-17 16:44:53.630','2026-03-17 22:46:39.294',1,60),
(639,12,44,'Alex Baca','526271310248','2026-03-20 00:00:00.000','10:00','confirmada',1,'2026-03-17 20:26:55.423','2026-03-20 08:55:02.134',6,30),
(640,1,1,'Ian Carlos Chavez','526141989005','2026-03-17 00:00:00.000','17:00','confirmada',0,'2026-03-17 21:06:55.324','2026-03-17 22:28:43.169',1,60),
(641,2,1,'kristian melendez','526145532606','2026-03-17 00:00:00.000','19:00','confirmada',0,'2026-03-17 23:56:09.436','2026-03-18 00:21:32.829',1,30),
(642,2,2,'Ethan Zamarrón','526143274710','2026-03-18 00:00:00.000','15:00','confirmada',1,'2026-03-18 05:12:16.813','2026-03-18 20:31:21.126',1,30),
(643,2,3,'ggs','526145471908','2026-03-18 00:00:00.000','11:00','pendiente',1,'2026-03-18 08:43:00.530','2026-03-18 09:55:02.004',1,60),
(644,2,1,'Andre','526145471908','2026-03-18 00:00:00.000','17:00','pendiente',0,'2026-03-18 18:05:39.230','2026-03-18 18:05:39.230',1,30),
(645,2,1,'Angel','526141979059','2026-03-20 00:00:00.000','11:00','pendiente',1,'2026-03-18 18:58:00.836','2026-03-20 09:55:01.578',1,30),
(646,2,1,'Luis Omar Chavez Robledo','526141386621','2026-03-18 00:00:00.000','19:30','pendiente',0,'2026-03-18 20:51:48.433','2026-03-18 20:51:48.433',1,30),
(647,2,1,'Marco Villalobos','526391555255','2026-03-19 00:00:00.000','14:30','confirmada',1,'2026-03-19 06:31:49.728','2026-03-19 19:36:11.421',1,30),
(648,2,3,'andre','526145471908','2026-03-19 00:00:00.000','11:00','pendiente',0,'2026-03-19 15:31:24.924','2026-03-19 15:31:24.924',1,60),
(649,2,1,'Tadeo','526145471908','2026-03-19 00:00:00.000','15:00','confirmada',0,'2026-03-19 17:39:50.827','2026-03-19 19:36:18.770',1,30),
(650,2,1,'Héctor','528714014228','2026-03-20 00:00:00.000','18:30','cancelada',0,'2026-03-19 23:04:05.923','2026-03-19 23:07:10.150',1,30),
(651,2,1,'Héctor','528714014228','2026-03-20 00:00:00.000','12:30','confirmada',1,'2026-03-19 23:07:39.423','2026-03-20 11:25:01.566',1,30),
(652,2,1,'Jesus','526143169753','2026-03-21 00:00:00.000','15:00','confirmada',1,'2026-03-20 06:22:19.136','2026-03-21 15:55:01.410',1,30),
(653,2,1,'Brahim','526143169753','2026-03-21 00:00:00.000','15:30','confirmada',1,'2026-03-20 06:22:40.050','2026-03-21 15:55:07.424',1,30),
(654,2,1,'URN','526145471908','2026-03-21 00:00:00.000','11:00','pendiente',1,'2026-03-20 06:24:57.421','2026-03-21 09:55:02.723',1,120),
(655,2,1,'URN','526145471908','2026-03-21 00:00:00.000','13:00','pendiente',1,'2026-03-20 06:25:16.124','2026-03-21 11:55:02.528',1,120),
(656,2,1,'Dillan González','526251116694','2026-03-20 00:00:00.000','13:00','confirmada',0,'2026-03-20 17:48:00.933','2026-03-20 17:48:12.703',1,30),
(657,2,1,'Aaron','526141533970','2026-03-20 00:00:00.000','18:00','confirmada',0,'2026-03-20 17:48:42.324','2026-03-20 17:48:57.025',1,30),
(658,2,1,'Miguel Antonio Reyes','526141611467','2026-03-21 00:00:00.000','16:00','confirmada',1,'2026-03-20 18:10:28.619','2026-03-21 14:55:01.605',1,30),
(659,1,1,'Miguel Ángel Reyes','526141243180','2026-03-21 00:00:00.000','16:00','confirmada',1,'2026-03-20 18:11:22.823','2026-03-21 17:45:49.914',1,30),
(660,2,2,'Jorge Alberto Ceballos Campuzano','52526143850566','2026-03-20 00:00:00.000','16:00','confirmada',0,'2026-03-20 21:06:15.947','2026-03-20 22:00:59.149',1,30),
(661,4,1,'Javier Flores','526145031137','2026-03-21 00:00:00.000','17:00','pendiente',1,'2026-03-21 00:41:56.764','2026-03-21 15:55:01.626',1,30),
(662,2,1,'Osvald Villa','526182988384','2026-03-21 00:00:00.000','18:00','confirmada',1,'2026-03-21 04:22:47.327','2026-03-21 16:55:01.526',1,30),
(663,2,1,'Raúl Núñez','526142689949','2026-03-21 00:00:00.000','16:30','confirmada',1,'2026-03-21 15:06:01.540','2026-03-21 15:53:53.723',1,30),
(664,2,2,'Angel Neria','525545753969','2026-03-21 00:00:00.000','18:30','confirmada',1,'2026-03-21 16:00:05.526','2026-03-21 17:25:01.399',1,90),
(665,1,1,'Santiago Portillo Gallegos','526275214495','2026-03-21 00:00:00.000','15:00','confirmada',0,'2026-03-21 17:27:07.661','2026-03-21 17:40:35.251',1,30),
(666,2,1,'Santiago','526143776694','2026-03-21 00:00:00.000','17:00','confirmada',0,'2026-03-21 20:17:04.931','2026-03-21 20:18:12.984',1,30),
(667,1,1,'Antonio Luna','526361171856','2026-03-21 00:00:00.000','18:00','confirmada',0,'2026-03-21 21:44:38.326','2026-03-21 22:36:48.576',1,30),
(668,2,1,'Juan','526147012541','2026-03-21 00:00:00.000','17:30','pendiente',0,'2026-03-21 21:56:00.228','2026-03-21 21:56:00.228',1,30),
(669,2,3,'DESCANSO','526145471908','2026-03-23 00:00:00.000','11:00','pendiente',1,'2026-03-23 08:57:53.596','2026-03-23 09:55:02.542',1,60),
(670,2,1,'Ivan','526145471908','2026-03-23 00:00:00.000','12:30','confirmada',0,'2026-03-23 16:51:10.929','2026-03-23 17:00:28.327',1,30),
(671,2,1,'Juan','526142543284','2026-03-23 00:00:00.000','13:00','confirmada',0,'2026-03-23 17:00:55.435','2026-03-23 17:13:09.626',1,30),
(672,2,3,'Juan Pablo Noriega Adame','526261067451','2026-03-23 00:00:00.000','17:30','pendiente',0,'2026-03-23 17:53:06.224','2026-03-23 17:53:06.224',1,60),
(673,2,1,'Esai Villa Lujan','526264991142','2026-03-23 00:00:00.000','17:00','pendiente',0,'2026-03-23 17:58:32.228','2026-03-23 17:58:32.228',1,30),
(674,2,3,'André Rentería','526145471908','2026-03-24 00:00:00.000','11:00','pendiente',1,'2026-03-24 07:55:55.212','2026-03-24 09:55:02.576',1,60),
(675,2,1,'Eliel','524331038106','2026-03-24 00:00:00.000','13:30','confirmada',0,'2026-03-24 15:41:24.921','2026-03-24 17:10:29.578',1,30),
(676,2,1,'Said','526141703724','2026-03-25 00:00:00.000','19:00','confirmada',1,'2026-03-25 01:29:36.329','2026-03-25 17:55:02.215',1,30),
(677,2,1,'Homar contreras','526143841699','2026-03-25 00:00:00.000','16:00','confirmada',1,'2026-03-25 08:17:39.035','2026-03-25 21:34:56.077',1,30),
(678,2,3,'André Rentería','526145471908','2026-03-25 00:00:00.000','11:00','pendiente',1,'2026-03-25 08:25:44.424','2026-03-25 09:55:01.911',1,60),
(679,2,1,'Luis Omar Chavez Robledo','526141386621','2026-03-25 00:00:00.000','18:30','confirmada',1,'2026-03-25 14:52:53.942','2026-03-25 21:35:02.330',1,30),
(680,1,1,'Raul Rascon','526141550712','2026-03-25 00:00:00.000','18:30','confirmada',0,'2026-03-25 23:23:37.422','2026-03-25 23:24:15.127',1,30),
(681,2,1,'Javier Jimenez','526141383970','2026-03-25 00:00:00.000','19:30','pendiente',0,'2026-03-25 23:40:18.222','2026-03-25 23:40:18.222',1,30),
(682,1,1,'Ramses Peña','526521060938','2026-03-26 00:00:00.000','18:30','confirmada',1,'2026-03-26 02:34:51.337','2026-03-26 17:25:02.045',1,30),
(683,2,1,'Gama Cano','526145235806','2026-03-26 00:00:00.000','12:00','confirmada',0,'2026-03-26 07:50:08.226','2026-03-26 14:40:28.335',1,30),
(684,2,3,'Jovani Bustamante','526141719046','2026-03-26 00:00:00.000','16:30','confirmada',0,'2026-03-26 17:18:25.598','2026-03-26 20:49:40.222',1,60),
(685,2,1,'Emilio Millan','526141539447','2026-03-27 00:00:00.000','11:00','confirmada',1,'2026-03-26 18:21:25.238','2026-03-27 09:55:03.726',1,30),
(686,2,1,'Angel','526141979059','2026-03-27 00:00:00.000','11:30','confirmada',1,'2026-03-26 18:35:03.452','2026-03-27 10:25:03.752',1,30),
(687,2,1,'Gerardo Jiménez','526142030334','2026-03-26 00:00:00.000','17:30','confirmada',0,'2026-03-26 19:38:02.639','2026-03-26 20:42:13.452',1,30),
(688,3,1,'Javier','526141827823','2026-03-26 00:00:00.000','17:30','pendiente',0,'2026-03-26 21:39:03.224','2026-03-26 21:39:03.224',1,30),
(689,2,1,'Dani Alarcon','526145471908','2026-03-26 00:00:00.000','18:30','confirmada',0,'2026-03-26 22:15:40.788','2026-03-26 22:16:44.734',1,30),
(690,2,1,'Héctor','526141374683','2026-03-27 00:00:00.000','12:00','confirmada',1,'2026-03-27 00:00:23.335','2026-03-27 10:55:02.527',1,30),
(691,2,1,'Víctor Acosta','526141671853','2026-03-27 00:00:00.000','12:30','confirmada',1,'2026-03-27 01:07:00.428','2026-03-27 11:25:01.827',1,30),
(692,2,3,'Kevin Miranda','526141927971','2026-03-27 00:00:00.000','15:00','confirmada',0,'2026-03-27 17:41:31.834','2026-03-27 18:25:00.337',1,60),
(693,2,1,'Descnaso','526145471908','2026-03-28 00:00:00.000','11:00','pendiente',1,'2026-03-27 19:22:02.398','2026-03-28 09:55:02.924',1,30),
(694,2,1,'Tu puta madre','526147931777','2026-03-27 00:00:00.000','18:00','pendiente',0,'2026-03-27 19:38:33.482','2026-03-27 19:38:33.482',1,30),
(695,2,1,'Descansito pro','526145471908','2026-03-28 00:00:00.000','19:30','pendiente',1,'2026-03-27 19:39:32.087','2026-03-28 18:25:02.235',1,30),
(696,2,1,'Edmundo Santiesteban','52614159004','2026-03-30 00:00:00.000','19:30','pendiente',1,'2026-03-27 19:42:48.185','2026-03-30 18:25:00.703',1,30),
(697,12,46,'Alex baac','526271310248','2026-03-28 00:00:00.000','09:00','pendiente',1,'2026-03-27 20:24:02.151','2026-03-28 07:55:03.033',6,90),
(698,9,28,'Alex baac','526271310248','2026-03-27 00:00:00.000','15:00','pendiente',0,'2026-03-27 20:29:54.544','2026-03-27 20:29:54.544',4,30),
(699,9,28,'Alex baac','526271310248','2026-03-27 00:00:00.000','15:30','pendiente',0,'2026-03-27 20:32:05.547','2026-03-27 20:32:05.547',4,30),
(700,12,46,'Alex baac','526271310248','2026-03-28 00:00:00.000','11:00','pendiente',1,'2026-03-27 20:33:15.952','2026-03-28 09:55:02.729',6,90),
(701,9,28,'Edcmundo','526141590034','2026-03-27 00:00:00.000','16:00','confirmada',0,'2026-03-27 20:42:12.087','2026-03-27 20:42:47.854',4,30),
(702,1,1,'Alan Perales','526141293671','2026-03-27 00:00:00.000','18:00','pendiente',0,'2026-03-27 23:06:41.989','2026-03-27 23:06:41.989',1,30),
(703,2,1,'Eduardo','526141707574','2026-03-27 00:00:00.000','19:30','pendiente',0,'2026-03-28 00:19:08.428','2026-03-28 00:19:08.428',1,30),
(704,2,1,'sss','526145471908','2026-03-28 00:00:00.000','11:30','pendiente',1,'2026-03-28 02:40:42.326','2026-03-28 10:25:04.457',1,30),
(705,2,1,'Leo Salcido','526141936318','2026-03-28 00:00:00.000','17:00','pendiente',1,'2026-03-28 04:47:02.033','2026-03-28 15:55:02.730',1,30),
(706,2,1,'Pablo','526481070689','2026-03-28 00:00:00.000','14:00','pendiente',0,'2026-03-28 14:08:27.440','2026-03-28 14:08:27.440',1,30),
(707,2,1,'Ivan','526145471908','2026-03-28 00:00:00.000','12:00','pendiente',0,'2026-03-28 16:39:13.025','2026-03-28 16:39:13.025',1,30),
(708,2,1,'Daniel Becerra','526144273558','2026-03-28 00:00:00.000','15:30','pendiente',0,'2026-03-28 17:54:05.524','2026-03-28 17:54:05.524',1,30),
(709,2,1,'Edgar Zapata','526144038848','2026-03-28 00:00:00.000','13:30','pendiente',0,'2026-03-28 18:26:43.125','2026-03-28 18:26:43.125',1,30),
(710,2,1,'héctor orpineda','526143528278','2026-03-28 00:00:00.000','18:00','pendiente',0,'2026-03-28 18:54:27.543','2026-03-28 18:54:27.543',1,30),
(711,2,1,'CARLOS ESCARCEGA RAMOS','526141971391','2026-03-28 00:00:00.000','14:30','pendiente',0,'2026-03-28 20:27:01.326','2026-03-28 20:27:01.326',1,30),
(712,2,3,'Valak Gallardo','526143343725','2026-03-28 00:00:00.000','18:30','pendiente',0,'2026-03-28 21:40:16.127','2026-03-28 21:40:16.127',1,60),
(713,2,1,'niñi','526145471908','2026-03-28 00:00:00.000','17:30','pendiente',0,'2026-03-28 22:16:48.622','2026-03-28 22:16:48.622',1,30),
(714,2,1,'Mau','526141070398','2026-03-30 00:00:00.000','13:00','pendiente',1,'2026-03-28 22:21:15.722','2026-03-30 11:55:03.245',1,30),
(715,2,1,'Leo','526141070398','2026-03-30 00:00:00.000','13:30','pendiente',1,'2026-03-28 22:21:39.274','2026-03-30 12:25:02.723',1,30),
(716,2,3,'Descansito','526145471908','2026-03-30 00:00:00.000','11:00','pendiente',1,'2026-03-30 00:45:09.224','2026-03-30 09:55:02.950',1,60),
(717,2,3,'Axel','526145471908','2026-03-30 00:00:00.000','17:00','cancelada',0,'2026-03-30 00:45:34.925','2026-03-30 00:45:56.821',1,60),
(718,2,1,'Axel','526145471908','2026-03-30 00:00:00.000','17:00','pendiente',1,'2026-03-30 00:46:17.324','2026-03-30 15:55:01.628',1,30),
(719,2,1,'z','526145471908','2026-03-30 00:00:00.000','12:00','pendiente',1,'2026-03-30 10:06:20.726','2026-03-30 10:55:02.825',1,30),
(720,2,1,'Lester','526142211967','2026-03-30 00:00:00.000','19:00','pendiente',1,'2026-03-30 14:54:04.126','2026-03-30 17:55:02.527',1,30),
(721,2,1,'ramos','526145471908','2026-03-30 00:00:00.000','12:30','confirmada',0,'2026-03-30 15:53:15.522','2026-03-30 15:53:28.727',1,30),
(722,2,1,'Andrik','526141988880','2026-03-30 00:00:00.000','16:00','confirmada',0,'2026-03-30 20:56:03.802','2026-03-30 20:56:36.485',1,30),
(723,2,3,'Fer','524329343151','2026-03-30 00:00:00.000','17:30','confirmada',0,'2026-03-30 23:16:53.129','2026-03-30 23:20:07.495',1,60),
(724,2,3,'SERVICIO','526145471908','2026-03-31 00:00:00.000','11:00','pendiente',1,'2026-03-31 02:37:24.311','2026-03-31 09:55:05.031',1,60),
(725,2,1,'Kevin Abrego','526144097650','2026-03-31 00:00:00.000','17:30','confirmada',0,'2026-03-31 21:50:35.822','2026-03-31 22:47:20.274',1,30),
(726,2,1,'Raul olvera','526143579922','2026-03-31 00:00:00.000','17:00','confirmada',0,'2026-03-31 22:45:36.702','2026-03-31 22:47:25.062',1,30),
(727,2,1,'Jair','526144616990','2026-04-01 00:00:00.000','16:00','confirmada',1,'2026-04-01 01:31:54.023','2026-04-01 14:55:01.482',1,30),
(728,2,1,'Emiliano Jimenez','526144690458','2026-04-01 00:00:00.000','12:30','pendiente',0,'2026-04-01 18:01:47.026','2026-04-01 18:01:47.026',1,30),
(729,2,1,'Luis Omar Chavez Robledo','526141386621','2026-04-01 00:00:00.000','18:30','pendiente',0,'2026-04-01 23:36:50.621','2026-04-01 23:36:50.621',1,30),
(730,2,1,'Descanso','526145471908','2026-04-02 00:00:00.000','11:00','confirmada',1,'2026-04-02 02:41:17.221','2026-04-02 09:55:02.319',1,30),
(731,4,2,'André Rentería','526145471908','2026-04-02 00:00:00.000','14:30','confirmada',1,'2026-04-02 02:55:52.050','2026-04-02 13:25:02.518',1,30),
(732,2,1,'Alex','526147347960','2026-04-02 00:00:00.000','16:00','confirmada',1,'2026-04-02 03:43:07.230','2026-04-02 14:55:02.421',1,30),
(733,2,1,'Adrian Alejandro Chavira','526146552126','2026-04-02 00:00:00.000','16:30','confirmada',0,'2026-04-02 18:47:55.928','2026-04-02 18:50:20.846',1,30),
(734,2,1,'Angel','526141979059','2026-04-02 00:00:00.000','19:30','confirmada',0,'2026-04-02 18:55:04.717','2026-04-02 18:55:27.276',1,30),
(735,2,1,'Dani','526145471908','2026-04-02 00:00:00.000','14:30','confirmada',0,'2026-04-02 19:20:54.593','2026-04-02 19:23:16.396',1,30),
(736,1,1,'Said Sandoval','526141044083','2026-04-03 00:00:00.000','13:00','pendiente',1,'2026-04-03 04:50:00.893','2026-04-03 11:55:02.931',1,30),
(737,2,3,'André Rentería','526145471908','2026-04-04 00:00:00.000','11:00','pendiente',1,'2026-04-04 06:32:18.996','2026-04-04 09:55:01.741',1,60),
(738,2,1,'Pablo','526481070689','2026-04-04 00:00:00.000','12:00','pendiente',1,'2026-04-04 06:54:33.383','2026-04-04 10:55:00.791',1,30),
(739,2,1,'Diego Tarango','526143366567','2026-04-04 00:00:00.000','12:30','confirmada',0,'2026-04-04 16:06:57.328','2026-04-04 16:30:33.225',1,30),
(740,2,3,'BLOQUEO','526145471908','2026-04-04 00:00:00.000','18:30','pendiente',1,'2026-04-04 16:33:34.322','2026-04-04 17:25:01.820',1,60),
(741,2,1,'Isaac Rodriguez','526142880659','2026-04-04 00:00:00.000','13:00','confirmada',0,'2026-04-04 17:14:09.600','2026-04-04 17:14:27.945',1,30),
(742,2,3,'DESCANSO PRO','526145471908','2026-04-04 00:00:00.000','17:30','pendiente',0,'2026-04-04 21:11:13.620','2026-04-04 21:11:13.620',1,60),
(743,2,1,'Alejandro Carreon','526142418081','2026-04-04 00:00:00.000','19:30','confirmada',0,'2026-04-05 00:19:27.815','2026-04-05 00:33:51.683',1,30),
(744,2,1,'André Rentería','526145471908','2026-04-06 00:00:00.000','11:00','pendiente',1,'2026-04-06 06:03:02.421','2026-04-06 09:55:02.332',1,120),
(745,1,1,'Matteo Armendáriz','526141890593','2026-04-06 00:00:00.000','16:30','pendiente',0,'2026-04-06 18:45:36.390','2026-04-06 18:45:36.390',1,30),
(746,2,1,'Mathias Armendáriz','526141890593','2026-04-06 00:00:00.000','16:30','confirmada',0,'2026-04-06 18:46:37.866','2026-04-06 21:06:02.113',1,30),
(747,2,1,'Aaron Dominguez olivas','526143559999','2026-04-07 00:00:00.000','18:30','confirmada',1,'2026-04-06 21:05:46.891','2026-04-07 17:25:02.627',1,30),
(748,2,1,'André Rentería','526145471908','2026-04-07 00:00:00.000','11:00','pendiente',1,'2026-04-07 07:13:47.223','2026-04-07 09:55:02.120',1,120),
(749,2,3,'Marco Villalobos','526391555255','2026-04-08 00:00:00.000','14:30','confirmada',1,'2026-04-08 06:16:34.020','2026-04-08 18:06:46.519',1,60),
(750,2,3,'André Rentería','526145471908','2026-04-08 00:00:00.000','11:00','pendiente',1,'2026-04-08 08:31:10.518','2026-04-08 09:55:02.082',1,60),
(751,2,1,'Alexis Balderrama','526141886229','2026-04-08 00:00:00.000','15:30','confirmada',0,'2026-04-08 17:33:27.020','2026-04-08 18:06:52.929',1,30),
(752,2,1,'Carlos Loya','526141403321','2026-04-08 00:00:00.000','13:00','confirmada',0,'2026-04-08 18:21:18.327','2026-04-08 18:40:18.484',1,30),
(753,2,1,'Héctor Bernardo Valdez','526145392147','2026-04-08 00:00:00.000','16:00','confirmada',0,'2026-04-08 18:40:36.932','2026-04-08 19:25:18.735',1,30),
(754,2,1,'Andrés Rentería','526141424007','2026-04-08 00:00:00.000','16:30','confirmada',0,'2026-04-08 18:41:48.897','2026-04-08 19:25:38.825',1,30),
(755,2,3,'André Rentería','526145471908','2026-04-08 00:00:00.000','17:00','pendiente',0,'2026-04-08 22:21:31.224','2026-04-08 22:21:31.224',1,60),
(756,2,1,'André Rentería','526145471908','2026-04-08 00:00:00.000','18:00','pendiente',0,'2026-04-08 22:26:51.421','2026-04-08 22:26:51.421',1,30),
(757,2,1,'André Rentería','526145471908','2026-04-08 00:00:00.000','18:30','pendiente',0,'2026-04-08 22:59:10.522','2026-04-08 22:59:10.522',1,30),
(758,2,1,'Cesar lozano','526141275761','2026-04-11 00:00:00.000','17:30','pendiente',1,'2026-04-09 00:25:37.823','2026-04-11 16:25:02.150',1,30),
(759,2,3,'Abimael Rios','526143545324','2026-04-11 00:00:00.000','15:30','pendiente',1,'2026-04-09 02:14:16.818','2026-04-11 14:25:02.101',1,60),
(760,2,1,'Urn','526145471908','2026-04-11 00:00:00.000','11:00','pendiente',1,'2026-04-09 02:15:28.423','2026-04-11 09:55:01.930',1,150),
(761,2,2,'Urn','525261454715','2026-04-11 00:00:00.000','13:30','pendiente',1,'2026-04-09 02:16:07.320','2026-04-11 12:25:01.919',1,30),
(762,2,3,'André Rentería','526145471908','2026-04-11 00:00:00.000','14:00','pendiente',1,'2026-04-09 02:16:30.449','2026-04-11 12:55:01.874',1,60),
(763,2,2,'Alex','526271310248','2026-08-14 00:00:00.000','11:00','pendiente',0,'2026-04-09 02:27:09.125','2026-04-09 02:27:09.125',1,30),
(764,2,2,'Edmundo','526141590034','2026-09-11 00:00:00.000','11:30','pendiente',0,'2026-04-09 02:27:49.819','2026-04-09 02:27:49.819',1,30),
(765,2,1,'EMILIANO RONQUILLO','526146006203','2026-04-09 00:00:00.000','11:00','pendiente',1,'2026-04-09 03:05:39.727','2026-04-09 09:55:03.030',1,30),
(766,2,1,'Edmundo Santiesteban','526141590034','2026-04-09 00:00:00.000','19:30','pendiente',1,'2026-04-09 04:25:43.422','2026-04-09 18:25:00.704',1,30),
(767,2,1,'Alexis Vargas','526141953136','2026-04-09 00:00:00.000','13:30','pendiente',1,'2026-04-09 07:38:32.010','2026-04-09 12:30:01.125',1,30),
(768,2,1,'Gerardo Aquino','526141755191','2026-04-09 00:00:00.000','17:30','pendiente',1,'2026-04-09 16:17:14.223','2026-04-09 16:25:01.665',1,30),
(769,1,1,'Iker Armendariz','526142254942','2026-04-09 00:00:00.000','17:00','pendiente',0,'2026-04-09 18:50:13.429','2026-04-09 18:50:13.429',1,30),
(770,2,1,'Gerardo Jimenez','526142030334','2026-04-09 00:00:00.000','14:30','pendiente',0,'2026-04-09 19:33:45.920','2026-04-09 19:33:45.920',1,30),
(771,1,1,'Alan perales','526141293671','2026-04-09 00:00:00.000','18:00','pendiente',0,'2026-04-09 20:32:35.897','2026-04-09 20:32:35.897',1,30),
(772,2,1,'Luis Omar Chavez Robledo','526141386621','2026-04-09 00:00:00.000','18:30','pendiente',0,'2026-04-09 21:21:45.986','2026-04-09 21:21:45.986',1,30),
(773,2,2,'Alex','526271310248','2026-09-10 00:00:00.000','11:00','pendiente',0,'2026-04-09 22:08:46.332','2026-04-09 22:08:46.332',1,30),
(774,2,2,'Edmundo','526141590034','2026-09-10 00:00:00.000','11:30','pendiente',0,'2026-04-09 22:09:26.530','2026-04-09 22:09:26.530',1,30),
(775,2,1,'Diego Hernandez sanchez','526143704825','2026-04-10 00:00:00.000','18:30','pendiente',1,'2026-04-09 22:20:34.881','2026-04-10 17:25:01.218',1,30),
(776,2,1,'Derik Ricardo molina','526143947114','2026-04-09 00:00:00.000','19:00','pendiente',0,'2026-04-10 00:10:32.530','2026-04-10 00:10:32.530',1,30),
(777,2,1,'Angel','526141979059','2026-04-11 00:00:00.000','15:00','pendiente',1,'2026-04-10 01:19:59.022','2026-04-11 13:55:01.359',1,30),
(778,2,1,'Juan Mendoza','526143946377','2026-04-10 00:00:00.000','11:00','pendiente',1,'2026-04-10 01:20:00.823','2026-04-10 09:55:01.935',1,30),
(779,2,1,'Erick Mendez','526144278230','2026-04-10 00:00:00.000','13:00','pendiente',1,'2026-04-10 01:37:12.625','2026-04-10 11:55:02.621',1,30),
(780,2,2,'André Rentería','526145471908','2026-04-10 00:00:00.000','11:30','pendiente',1,'2026-04-10 08:05:54.392','2026-04-10 10:25:01.929',1,30),
(781,2,1,'Irving Becerra','526142440184','2026-04-10 00:00:00.000','16:00','pendiente',1,'2026-04-10 14:11:47.589','2026-04-10 14:55:01.301',1,50),
(782,1,1,'adrián talamantes','526141386733','2026-04-10 00:00:00.000','13:30','pendiente',0,'2026-04-10 16:30:44.326','2026-04-10 16:30:44.326',1,30),
(783,4,1,'Javier Flores','526143738082','2026-04-12 00:00:00.000','14:30','pendiente',1,'2026-04-10 16:50:24.124','2026-04-12 13:25:04.368',1,30),
(784,2,1,'Darey leonel Diaz alvarez','526143832525','2026-04-11 00:00:00.000','17:00','pendiente',1,'2026-04-10 19:51:47.161','2026-04-11 15:55:01.763',1,30),
(785,2,1,'Brahim','526145471908','2026-04-11 00:00:00.000','16:30','pendiente',1,'2026-04-10 22:40:32.623','2026-04-11 15:25:02.195',1,30),
(786,2,1,'Jesús','526145471908','2026-04-11 00:00:00.000','18:00','pendiente',1,'2026-04-10 22:40:45.728','2026-04-11 16:55:02.762',1,30),
(787,2,1,'josé','526145471908','2026-04-10 00:00:00.000','19:00','pendiente',0,'2026-04-11 00:08:39.219','2026-04-11 00:08:39.219',1,30),
(788,2,1,'Descanso pro','526145471908','2026-04-10 00:00:00.000','19:30','pendiente',0,'2026-04-11 00:08:53.908','2026-04-11 00:08:53.908',1,30),
(789,2,3,'André Rentería','526145471908','2026-04-11 00:00:00.000','19:00','pendiente',1,'2026-04-11 02:05:54.828','2026-04-11 17:55:01.302',1,60),
(790,2,1,'Jesus Ceballos','526141163721','2026-04-11 00:00:00.000','18:30','pendiente',1,'2026-04-11 03:05:02.503','2026-04-11 17:25:02.217',1,30),
(791,1,1,'Dilan Fernando Díaz Portillo','526142308153','2026-04-11 00:00:00.000','14:30','pendiente',0,'2026-04-11 15:59:39.340','2026-04-11 15:59:39.340',1,30),
(792,2,1,'Cesar Lozano','526141275761','2026-04-13 00:00:00.000','17:30','confirmada',1,'2026-04-11 18:29:56.416','2026-04-13 16:25:02.447',1,30),
(793,3,1,'Luis perez','526141422064','2026-04-12 00:00:00.000','18:00','cancelada',0,'2026-04-12 18:29:08.025','2026-04-12 19:24:51.196',1,30),
(794,2,1,'Darey','526143832525','2026-04-13 00:00:00.000','12:00','confirmada',1,'2026-04-12 19:17:17.530','2026-04-13 10:55:02.688',1,30),
(795,2,1,'Erik','526145117943','2026-04-13 00:00:00.000','14:00','confirmada',1,'2026-04-12 19:17:45.238','2026-04-13 12:55:02.057',1,30),
(796,2,3,'descanso','526145471908','2026-04-13 00:00:00.000','11:00','confirmada',1,'2026-04-12 19:21:46.525','2026-04-13 09:55:02.729',1,60),
(797,2,1,'Cliente','526145471908','2026-04-13 00:00:00.000','18:00','pendiente',1,'2026-04-12 19:24:20.428','2026-04-13 16:55:01.318',1,30),
(798,2,1,'Braulio Michel','526144682229','2026-04-13 00:00:00.000','15:30','confirmada',1,'2026-04-13 13:54:54.324','2026-04-13 16:49:05.230',1,30),
(799,2,3,'Ferando rodriguez','524329343151','2026-04-13 00:00:00.000','18:30','confirmada',1,'2026-04-13 15:14:07.922','2026-04-13 17:25:02.180',1,60),
(800,2,1,'Eloy Arceo','526143779872','2026-04-13 00:00:00.000','19:30','confirmada',1,'2026-04-13 15:45:52.027','2026-04-13 18:25:01.630',1,30),
(801,2,1,'Jorge Garza','526144061512','2026-04-13 00:00:00.000','16:00','confirmada',0,'2026-04-13 16:15:20.925','2026-04-13 16:49:22.422',1,30),
(802,2,1,'Darey','526145471908','2026-04-13 00:00:00.000','12:30','confirmada',0,'2026-04-13 17:32:43.822','2026-04-13 17:38:17.977',1,30),
(803,2,1,'Comida','526145471908','2026-04-13 00:00:00.000','14:30','pendiente',0,'2026-04-13 18:34:15.541','2026-04-13 18:34:15.541',1,30),
(804,2,4,'Emiliano hooguin','526144073484','2026-04-13 00:00:00.000','16:30','confirmada',0,'2026-04-13 19:42:04.220','2026-04-13 19:44:43.706',1,30),
(805,2,1,'Güero','526143035366','2026-04-13 00:00:00.000','17:00','confirmada',0,'2026-04-13 20:30:50.724','2026-04-13 20:33:16.093',1,30),
(806,1,1,'Raul Rascon','526141550712','2026-04-13 00:00:00.000','18:30','confirmada',0,'2026-04-13 22:40:55.826','2026-04-13 23:32:44.958',1,30),
(807,2,1,'Granados','526146081665','2026-04-14 00:00:00.000','18:30','confirmada',1,'2026-04-14 02:14:58.520','2026-04-14 17:25:02.306',1,30),
(808,2,3,'André Rentería','526145471908','2026-04-14 00:00:00.000','11:00','pendiente',1,'2026-04-14 08:40:24.925','2026-04-14 09:55:02.189',1,60),
(809,2,1,'Dillan González','526251116694','2026-04-14 00:00:00.000','13:30','confirmada',0,'2026-04-14 13:46:10.626','2026-04-14 17:49:16.189',1,30),
(810,2,1,'Juan mendoza','526143946377','2026-04-14 00:00:00.000','13:00','pendiente',0,'2026-04-14 17:50:07.916','2026-04-14 17:50:07.916',1,30),
(811,2,1,'Juan mendoza','526143946377','2026-04-14 00:00:00.000','14:00','pendiente',0,'2026-04-14 17:53:43.514','2026-04-14 17:53:43.514',1,30),
(812,2,3,'André Rentería','526145471908','2026-04-14 00:00:00.000','12:00','pendiente',0,'2026-04-14 17:57:05.617','2026-04-14 17:57:05.617',1,60),
(813,2,1,'Paul Valverde','526391018113','2026-04-14 00:00:00.000','19:00','confirmada',0,'2026-04-14 21:46:23.822','2026-04-14 21:55:12.896',1,30),
(814,2,4,'Edgar Estrada','526141229003','2026-04-14 00:00:00.000','17:00','confirmada',0,'2026-04-14 21:52:58.526','2026-04-14 21:55:18.540',1,30),
(815,2,3,'Víctor Avitia','526141875694','2026-04-14 00:00:00.000','17:30','confirmada',0,'2026-04-14 22:01:59.322','2026-04-14 22:04:17.550',1,60),
(816,2,1,'COMIDA','526145471908','2026-04-14 00:00:00.000','16:30','pendiente',0,'2026-04-14 22:05:11.126','2026-04-14 22:05:11.126',1,30),
(817,2,3,'André Rentería','526145471908','2026-04-15 00:00:00.000','11:00','pendiente',1,'2026-04-15 08:23:08.829','2026-04-15 09:55:01.681',1,60),
(818,2,1,'Mateo Campa','526361373212','2026-04-15 00:00:00.000','18:00','cancelada',1,'2026-04-15 14:06:56.663','2026-04-15 19:29:33.765',1,30),
(819,2,1,'Granados','526146081665','2026-04-15 00:00:00.000','18:30','confirmada',1,'2026-04-15 16:02:02.525','2026-04-15 19:29:39.980',1,30),
(820,2,1,'Jair','526144616990','2026-04-15 00:00:00.000','17:30','confirmada',1,'2026-04-15 16:02:35.118','2026-04-15 19:29:45.055',1,30),
(821,2,1,'Ari Salayandia','526271024102','2026-04-16 00:00:00.000','18:30','confirmada',1,'2026-04-15 19:03:26.121','2026-04-16 17:25:01.841',1,30),
(822,1,1,'Gael','526145475298','2026-04-15 00:00:00.000','16:00','confirmada',0,'2026-04-15 20:23:32.219','2026-04-15 20:25:52.607',1,30),
(823,2,1,'Ramos','523241194055','2026-04-16 00:00:00.000','12:00','confirmada',1,'2026-04-16 02:11:14.327','2026-04-16 13:04:56.822',1,30),
(824,2,1,'Gerardo Gardea','526143682565','2026-04-16 00:00:00.000','16:30','confirmada',1,'2026-04-16 13:07:16.738','2026-04-16 19:21:57.122',1,30),
(825,2,1,'Luis Omar Chavez Robledo','526141386621','2026-04-16 00:00:00.000','12:30','pendiente',0,'2026-04-16 15:11:23.618','2026-04-16 15:11:23.618',1,30),
(826,2,1,'André Rentería','526145471908','2026-04-16 00:00:00.000','11:00','pendiente',0,'2026-04-16 15:49:37.820','2026-04-16 15:49:37.820',1,30),
(827,2,1,'Luis Omar Chavez Robledo','526141386621','2026-04-16 00:00:00.000','19:00','confirmada',0,'2026-04-16 18:26:27.936','2026-04-16 19:21:45.112',1,30),
(828,2,1,'Santiago Gardea','526145500838','2026-04-16 00:00:00.000','17:00','confirmada',0,'2026-04-16 19:17:42.826','2026-04-16 19:21:50.424',1,30),
(829,2,1,'Marco','526141734715','2026-04-16 00:00:00.000','17:30','confirmada',0,'2026-04-16 19:40:47.925','2026-04-16 19:43:35.627',1,30),
(830,2,1,'comida','526145471908','2026-04-16 00:00:00.000','15:00','pendiente',0,'2026-04-16 20:41:27.529','2026-04-16 20:41:27.529',1,30),
(831,2,4,'said glez','526141703724','2026-04-16 00:00:00.000','19:30','confirmada',0,'2026-04-16 23:52:19.872','2026-04-17 01:27:34.490',1,30),
(832,2,1,'Miguel Reyes','526141611467','2026-04-17 00:00:00.000','16:00','confirmada',1,'2026-04-17 01:14:16.722','2026-04-17 14:55:03.139',1,30),
(833,1,1,'Miguel Reyes','526141243180','2026-04-17 00:00:00.000','16:00','confirmada',1,'2026-04-17 01:14:50.720','2026-04-17 14:55:03.179',1,30),
(834,2,1,'URN','526145471908','2026-04-18 00:00:00.000','11:00','confirmada',0,'2026-04-17 01:26:32.519','2026-04-17 01:28:49.021',1,150),
(835,2,3,'URN','526145471905','2026-04-18 00:00:00.000','13:30','cancelada',0,'2026-04-17 01:27:02.426','2026-04-17 01:31:10.268',1,60),
(836,2,1,'URN','526145471908','2026-04-18 00:00:00.000','14:30','pendiente',0,'2026-04-17 01:27:16.905','2026-04-17 01:27:16.905',1,30),
(837,2,3,'URN','526145471908','2026-04-18 00:00:00.000','13:30','pendiente',0,'2026-04-17 01:51:07.028','2026-04-17 01:51:07.028',1,60),
(838,2,1,'Angel','526141979059','2026-04-17 00:00:00.000','11:30','confirmada',1,'2026-04-17 01:51:31.123','2026-04-17 10:25:01.105',1,30),
(839,2,1,'Íker','526145471908','2026-04-17 00:00:00.000','15:00','confirmada',1,'2026-04-17 02:23:46.324','2026-04-17 13:55:01.479',1,30),
(840,2,1,'gym','526145471908','2026-04-17 00:00:00.000','11:00','confirmada',1,'2026-04-17 05:47:45.322','2026-04-17 09:55:02.925',1,30),
(841,4,1,'Omar Rodríguez','526145464541','2026-04-17 00:00:00.000','17:00','confirmada',1,'2026-04-17 15:51:47.524','2026-04-17 16:27:27.673',1,30),
(842,2,1,'Ari','526271024102','2026-04-17 00:00:00.000','12:00','confirmada',0,'2026-04-17 17:18:24.124','2026-04-17 17:23:54.022',1,30),
(843,2,1,'Eliel Mejia','524331038106','2026-04-17 00:00:00.000','17:30','confirmada',0,'2026-04-17 17:26:49.022','2026-04-17 17:31:18.715',1,30),
(844,2,1,'Angel Mejia','528717557605','2026-04-17 00:00:00.000','18:00','confirmada',0,'2026-04-17 17:27:35.523','2026-04-17 17:31:23.654',1,30),
(845,2,1,'Diego Flores','526145693486','2026-04-18 00:00:00.000','16:30','confirmada',0,'2026-04-17 18:01:27.615','2026-04-17 18:43:39.844',1,30),
(846,2,1,'Marco','526142773552','2026-04-17 00:00:00.000','13:00','confirmada',0,'2026-04-17 18:01:32.316','2026-04-17 18:44:06.742',1,30),
(847,1,1,'Santiago Portillo','526275214495','2026-04-18 00:00:00.000','13:00','confirmada',0,'2026-04-17 18:23:39.811','2026-04-17 18:31:09.048',1,30),
(848,2,1,'Armando','526145471608','2026-04-17 00:00:00.000','18:30','confirmada',0,'2026-04-17 19:33:36.049','2026-04-17 19:35:46.661',1,30),
(849,2,1,'Nico','526141091282','2026-04-17 00:00:00.000','19:00','confirmada',0,'2026-04-17 19:40:32.910','2026-04-17 19:42:47.612',1,30),
(850,2,3,'Comida','526145471908','2026-04-17 00:00:00.000','16:30','confirmada',0,'2026-04-17 21:51:28.426','2026-04-17 21:53:43.111',1,60),
(851,2,1,'Benito camelas','526142258112','2026-04-18 00:00:00.000','15:00','confirmada',0,'2026-04-17 23:39:36.323','2026-04-18 00:51:13.442',1,60),
(852,2,3,'DESANCSL','526145471908','2026-04-18 00:00:00.000','19:00','pendiente',0,'2026-04-18 03:01:23.729','2026-04-18 03:01:23.729',1,60);
/*!40000 ALTER TABLE `Cita` ENABLE KEYS */;
UNLOCK TABLES;
commit;

--
-- Table structure for table `CitaServicio`
--

DROP TABLE IF EXISTS `CitaServicio`;
/*!40101 SET @saved_cs_client     = @@character_set_client */;
/*!40101 SET character_set_client = utf8mb4 */;
CREATE TABLE `CitaServicio` (
  `id` int(11) NOT NULL AUTO_INCREMENT,
  `citaId` int(11) NOT NULL,
  `servicioId` int(11) NOT NULL,
  PRIMARY KEY (`id`),
  UNIQUE KEY `CitaServicio_citaId_servicioId_key` (`citaId`,`servicioId`),
  KEY `CitaServicio_servicioId_fkey` (`servicioId`),
  CONSTRAINT `CitaServicio_citaId_fkey` FOREIGN KEY (`citaId`) REFERENCES `Cita` (`id`) ON DELETE CASCADE ON UPDATE CASCADE,
  CONSTRAINT `CitaServicio_servicioId_fkey` FOREIGN KEY (`servicioId`) REFERENCES `Servicio` (`id`) ON UPDATE CASCADE
) ENGINE=InnoDB AUTO_INCREMENT=942 DEFAULT CHARSET=utf8mb4 COLLATE=utf8mb4_unicode_ci;
/*!40101 SET character_set_client = @saved_cs_client */;

--
-- Dumping data for table `CitaServicio`
--

LOCK TABLES `CitaServicio` WRITE;
/*!40000 ALTER TABLE `CitaServicio` DISABLE KEYS */;
set autocommit=0;
INSERT INTO `CitaServicio` VALUES
(1,19,2),
(2,19,5),
(3,20,1),
(4,20,2),
(5,21,1),
(6,22,1),
(7,23,1),
(8,24,2),
(9,25,1),
(10,26,3),
(11,27,3),
(12,28,9),
(13,29,1),
(14,30,1),
(15,31,3),
(16,32,3),
(17,33,3),
(18,34,1),
(19,34,3),
(20,35,2),
(21,36,1),
(22,37,1),
(23,38,1),
(24,38,2),
(25,39,1),
(26,40,1),
(27,41,1),
(28,42,1),
(29,43,3),
(30,44,1),
(31,45,1),
(32,46,1),
(33,47,1),
(34,48,1),
(35,49,3),
(36,50,1),
(37,51,1),
(38,52,1),
(39,53,3),
(40,54,1),
(41,55,1),
(42,56,1),
(43,57,12),
(44,58,1),
(45,59,1),
(46,60,1),
(47,61,1),
(48,62,1),
(49,63,1),
(50,64,1),
(51,65,1),
(52,66,14),
(53,67,3),
(54,68,3),
(55,69,3),
(56,70,1),
(57,71,1),
(58,72,1),
(59,73,3),
(60,74,1),
(61,75,1),
(62,76,1),
(63,77,3),
(64,78,3),
(65,79,1),
(66,80,1),
(67,81,1),
(68,82,1),
(69,83,1),
(70,84,1),
(71,85,18),
(72,86,1),
(73,87,1),
(74,88,1),
(75,89,2),
(76,89,3),
(77,90,3),
(78,91,1),
(79,92,1),
(80,93,1),
(81,94,3),
(82,95,3),
(83,96,3),
(84,97,3),
(85,98,3),
(86,99,3),
(87,100,2),
(88,100,3),
(89,101,2),
(90,101,3),
(91,102,3),
(92,103,3),
(93,104,1),
(94,105,3),
(95,106,1),
(96,107,1),
(97,108,1),
(98,109,1),
(99,110,3),
(100,111,1),
(101,112,2),
(102,112,3),
(103,113,1),
(104,114,1),
(105,115,1),
(106,116,1),
(107,117,1),
(108,118,1),
(109,119,1),
(110,120,1),
(111,121,3),
(112,122,1),
(113,123,18),
(114,124,1),
(115,125,1),
(116,126,2),
(117,126,3),
(118,127,1),
(119,128,1),
(120,129,3),
(121,129,5),
(122,129,6),
(123,129,7),
(124,130,1),
(125,131,1),
(126,132,1),
(127,133,1),
(128,134,1),
(129,135,2),
(130,135,3),
(131,136,1),
(132,137,1),
(133,138,1),
(134,139,3),
(135,140,1),
(136,140,2),
(137,141,2),
(138,141,3),
(139,142,1),
(140,143,1),
(141,144,2),
(142,144,4),
(143,145,9),
(144,145,17),
(145,146,1),
(146,147,1),
(147,148,1),
(148,149,3),
(149,150,1),
(150,151,1),
(151,152,1),
(152,153,3),
(153,154,2),
(154,155,1),
(155,156,3),
(156,157,1),
(157,158,1),
(158,159,1),
(159,160,1),
(160,161,1),
(161,162,1),
(162,163,1),
(163,164,1),
(164,165,3),
(165,166,1),
(166,167,1),
(167,168,3),
(168,169,3),
(169,170,1),
(170,171,3),
(171,172,3),
(172,173,3),
(173,174,1),
(174,175,1),
(175,176,1),
(176,177,2),
(177,178,2),
(178,178,3),
(179,179,1),
(180,180,1),
(181,181,1),
(182,182,3),
(183,183,3),
(184,184,1),
(185,184,2),
(186,184,3),
(187,185,1),
(188,185,2),
(189,185,3),
(190,185,4),
(191,185,6),
(192,185,7),
(193,186,1),
(194,186,2),
(195,186,3),
(196,187,2),
(197,188,1),
(198,189,1),
(199,190,1),
(200,191,3),
(201,192,3),
(202,193,1),
(203,194,1),
(204,195,2),
(205,195,3),
(206,196,1),
(207,197,1),
(208,198,3),
(209,199,1),
(210,200,1),
(211,201,1),
(212,202,1),
(213,203,1),
(214,204,1),
(215,205,1),
(216,206,3),
(217,207,1),
(218,208,1),
(219,209,1),
(220,210,1),
(221,211,1),
(222,212,1),
(223,213,2),
(224,214,1),
(225,215,1),
(226,216,1),
(227,217,1),
(228,218,1),
(229,219,3),
(230,220,1),
(231,221,1),
(232,222,1),
(233,223,1),
(234,223,2),
(235,224,1),
(236,225,1),
(237,225,2),
(238,226,1),
(239,227,1),
(240,228,1),
(241,229,1),
(242,230,1),
(243,231,1),
(244,232,1),
(245,233,1),
(246,234,1),
(247,235,3),
(248,236,1),
(249,237,1),
(250,238,3),
(251,239,1),
(252,240,1),
(253,240,2),
(254,241,1),
(255,242,1),
(256,243,1),
(257,244,1),
(258,245,1),
(259,246,1),
(260,247,1),
(261,248,1),
(262,249,3),
(263,250,1),
(264,251,1),
(265,252,1),
(266,253,3),
(267,254,1),
(268,254,4),
(269,255,1),
(270,256,1),
(271,257,1),
(272,258,1),
(273,259,1),
(274,260,1),
(275,261,1),
(276,262,1),
(277,263,1),
(278,264,4),
(279,265,1),
(280,266,3),
(281,267,1),
(282,268,1),
(283,269,1),
(284,270,1),
(285,271,1),
(286,272,1),
(287,273,1),
(288,274,1),
(289,275,3),
(290,276,3),
(291,277,1),
(292,278,1),
(293,279,1),
(294,279,2),
(295,280,4),
(296,281,2),
(297,282,1),
(298,283,1),
(299,284,3),
(300,285,3),
(301,286,1),
(302,286,2),
(303,286,3),
(304,287,1),
(305,288,1),
(306,289,1),
(307,290,3),
(308,291,3),
(309,292,3),
(310,293,3),
(311,294,1),
(312,295,1),
(313,296,1),
(314,297,1),
(315,298,1),
(316,299,1),
(317,299,2),
(318,300,1),
(319,301,4),
(320,302,2),
(321,303,1),
(322,304,1),
(323,305,1),
(324,306,1),
(325,307,1),
(326,308,1),
(327,309,1),
(328,310,1),
(329,311,1),
(330,312,1),
(331,313,1),
(332,314,1),
(333,315,1),
(334,316,1),
(335,317,3),
(336,318,1),
(337,319,1),
(338,320,1),
(339,321,1),
(340,322,1),
(341,323,1),
(342,323,2),
(343,324,1),
(344,325,1),
(345,325,2),
(346,325,3),
(347,325,4),
(348,325,5),
(349,326,1),
(350,327,1),
(351,328,1),
(352,329,3),
(353,330,3),
(354,331,1),
(355,332,1),
(356,332,2),
(357,332,3),
(358,333,1),
(359,334,28),
(360,335,28),
(361,336,28),
(362,337,27),
(363,338,1),
(364,339,1),
(365,340,1),
(366,341,1),
(367,342,3),
(368,343,3),
(369,344,1),
(370,345,1),
(371,346,1),
(372,347,1),
(373,348,1),
(374,349,1),
(375,350,1),
(376,351,1),
(377,352,3),
(378,353,1),
(379,354,3),
(380,355,1),
(381,356,2),
(382,357,1),
(383,358,3),
(384,359,1),
(385,360,1),
(386,361,1),
(387,362,1),
(388,363,1),
(389,364,1),
(390,365,1),
(391,366,1),
(392,367,2),
(393,368,1),
(394,369,3),
(395,370,1),
(396,371,1),
(397,372,3),
(398,373,1),
(399,374,1),
(400,375,3),
(401,376,1),
(402,377,1),
(403,378,29),
(404,379,29),
(405,380,3),
(406,381,1),
(407,382,1),
(408,383,1),
(409,383,2),
(410,383,3),
(411,383,4),
(412,383,5),
(413,383,6),
(414,383,7),
(415,384,1),
(416,385,1),
(417,386,1),
(418,387,1),
(419,388,1),
(420,389,1),
(421,390,1),
(422,391,1),
(423,392,3),
(424,393,3),
(425,394,1),
(426,395,1),
(427,396,1),
(428,397,1),
(429,398,1),
(430,399,1),
(431,400,2),
(432,401,1),
(433,402,1),
(434,403,1),
(435,404,1),
(436,405,1),
(437,405,2),
(438,406,1),
(439,407,1),
(440,408,1),
(441,409,1),
(442,410,1),
(443,411,1),
(444,412,1),
(445,413,1),
(446,413,2),
(447,413,3),
(448,414,1),
(449,415,1),
(450,416,1),
(451,416,2),
(452,417,2),
(453,418,1),
(454,419,1),
(455,420,3),
(456,421,1),
(457,422,1),
(458,423,1),
(459,424,1),
(460,425,1),
(461,426,1),
(462,427,3),
(463,428,1),
(464,429,1),
(465,429,2),
(466,430,1),
(467,431,1),
(468,432,1),
(469,433,1),
(470,434,1),
(471,434,2),
(472,434,3),
(473,435,3),
(474,436,1),
(475,437,1),
(476,438,1),
(477,439,3),
(478,440,1),
(479,441,1),
(480,442,1),
(481,443,1),
(482,444,1),
(483,445,4),
(484,446,1),
(485,447,1),
(486,448,1),
(487,449,3),
(488,450,3),
(489,451,1),
(490,452,3),
(491,453,1),
(492,454,1),
(493,455,1),
(494,456,1),
(495,457,1),
(496,458,1),
(497,459,3),
(498,460,1),
(499,461,1),
(500,462,28),
(501,463,28),
(502,464,1),
(503,465,1),
(504,466,1),
(505,467,1),
(506,467,2),
(507,468,1),
(508,469,1),
(509,470,3),
(510,471,1),
(511,472,3),
(512,473,2),
(513,474,1),
(514,475,1),
(515,476,1),
(516,477,1),
(517,478,1),
(518,479,3),
(519,480,1),
(520,481,1),
(521,482,1),
(522,483,1),
(523,484,1),
(524,485,3),
(525,486,28),
(526,487,3),
(527,488,1),
(528,489,1),
(529,490,1),
(530,491,1),
(531,492,1),
(532,493,1),
(533,494,1),
(534,494,2),
(535,494,3),
(536,494,4),
(537,495,1),
(538,495,3),
(539,496,1),
(540,496,3),
(541,497,1),
(542,498,1),
(543,499,1),
(544,500,1),
(545,501,1),
(546,502,1),
(547,503,1),
(548,504,1),
(549,505,1),
(550,506,1),
(551,507,1),
(552,508,1),
(553,509,1),
(554,510,1),
(555,510,3),
(556,511,1),
(557,511,2),
(558,512,2),
(559,512,3),
(560,513,1),
(561,514,1),
(562,515,1),
(563,516,3),
(564,517,1),
(565,518,1),
(566,518,3),
(567,519,1),
(568,520,1),
(569,521,2),
(570,521,3),
(571,522,1),
(572,523,1),
(573,524,2),
(574,524,4),
(575,525,1),
(576,526,1),
(577,527,1),
(578,528,1),
(579,529,1),
(580,530,1),
(581,530,2),
(582,530,3),
(583,531,1),
(584,531,2),
(585,531,3),
(586,532,1),
(587,533,1),
(588,534,1),
(589,535,1),
(590,536,1),
(591,537,1),
(592,538,1),
(593,539,1),
(594,540,1),
(595,541,2),
(596,541,3),
(597,542,1),
(598,543,1),
(599,544,1),
(600,545,1),
(601,546,1),
(602,547,1),
(603,548,1),
(604,549,1),
(605,550,1),
(606,551,1),
(607,552,1),
(608,553,1),
(609,553,3),
(610,554,1),
(611,555,1),
(612,556,1),
(613,557,1),
(614,557,3),
(615,558,1),
(616,559,1),
(617,560,3),
(618,561,1),
(619,562,1),
(620,563,3),
(621,564,1),
(622,565,3),
(623,566,3),
(624,567,3),
(625,568,1),
(626,569,1),
(627,570,1),
(628,571,1),
(629,572,1),
(630,573,1),
(631,574,2),
(632,574,3),
(633,575,1),
(634,576,1),
(635,576,2),
(636,576,3),
(637,576,4),
(638,577,2),
(639,577,3),
(640,578,4),
(641,579,3),
(642,580,1),
(643,581,3),
(644,582,3),
(645,583,1),
(646,583,2),
(647,584,1),
(648,585,1),
(649,586,1),
(650,587,1),
(651,587,3),
(652,588,3),
(653,589,1),
(654,590,36),
(655,591,1),
(656,592,1),
(657,593,3),
(658,594,1),
(659,595,1),
(660,596,1),
(661,597,1),
(662,598,1),
(663,599,1),
(664,600,1),
(665,601,1),
(666,601,2),
(667,601,3),
(668,602,1),
(669,602,7),
(670,603,1),
(671,604,3),
(672,605,1),
(673,606,1),
(674,607,1),
(675,608,1),
(676,609,3),
(677,610,1),
(678,611,1),
(679,612,1),
(680,613,1),
(681,614,3),
(682,615,1),
(683,616,1),
(684,617,1),
(685,618,1),
(686,619,1),
(687,620,1),
(688,620,2),
(689,621,1),
(690,622,1),
(691,622,2),
(692,622,3),
(693,623,3),
(694,624,3),
(695,625,1),
(696,626,1),
(697,627,1),
(698,628,1),
(699,629,1),
(700,630,1),
(701,631,1),
(702,632,2),
(703,633,1),
(704,634,1),
(705,635,3),
(706,636,1),
(707,636,3),
(708,637,1),
(709,638,3),
(710,639,44),
(711,640,1),
(712,640,2),
(713,641,1),
(714,642,2),
(715,643,3),
(716,644,1),
(717,645,1),
(718,646,1),
(719,647,1),
(720,648,3),
(721,649,1),
(722,650,1),
(723,651,1),
(724,652,1),
(725,653,1),
(726,654,1),
(727,654,2),
(728,654,3),
(729,655,1),
(730,655,2),
(731,655,3),
(732,656,1),
(733,657,1),
(734,658,1),
(735,659,1),
(736,660,2),
(737,661,1),
(738,662,1),
(739,663,1),
(740,664,2),
(741,664,3),
(742,665,1),
(743,666,1),
(744,667,1),
(745,668,1),
(746,669,3),
(747,670,1),
(748,671,1),
(749,672,3),
(750,673,1),
(751,674,3),
(752,675,1),
(753,676,1),
(754,677,1),
(755,678,3),
(756,679,1),
(757,680,1),
(758,681,1),
(759,682,1),
(760,683,1),
(761,684,3),
(762,685,1),
(763,686,1),
(764,687,1),
(765,688,1),
(766,689,1),
(767,690,1),
(768,691,1),
(769,692,3),
(770,693,1),
(771,694,1),
(772,695,1),
(773,696,1),
(774,697,46),
(775,698,28),
(776,699,28),
(777,700,46),
(778,701,28),
(779,702,1),
(780,703,1),
(781,704,1),
(782,705,1),
(783,706,1),
(784,707,1),
(785,708,1),
(786,709,1),
(787,710,1),
(788,711,1),
(789,712,3),
(790,713,1),
(791,714,1),
(792,715,1),
(793,716,3),
(794,717,3),
(795,718,1),
(796,719,1),
(797,720,1),
(798,721,1),
(799,722,1),
(800,723,3),
(801,724,3),
(802,725,1),
(803,726,1),
(804,727,1),
(805,728,1),
(806,729,1),
(807,730,1),
(808,731,2),
(809,732,1),
(810,733,1),
(811,734,1),
(812,735,1),
(813,736,1),
(814,737,3),
(815,738,1),
(816,739,1),
(817,740,3),
(818,741,1),
(819,742,3),
(820,743,1),
(821,744,1),
(822,744,2),
(823,744,3),
(824,745,1),
(825,746,1),
(826,747,1),
(827,748,1),
(828,748,2),
(829,748,3),
(830,749,3),
(831,750,3),
(832,751,1),
(833,752,1),
(834,753,1),
(835,754,1),
(836,755,3),
(837,756,1),
(838,757,1),
(839,758,1),
(840,759,3),
(841,760,1),
(842,760,2),
(843,760,3),
(844,760,4),
(845,761,2),
(846,762,3),
(847,763,2),
(848,764,2),
(849,765,1),
(850,766,1),
(851,767,1),
(852,768,1),
(853,769,1),
(854,770,1),
(855,771,1),
(856,772,1),
(857,773,2),
(858,774,2),
(859,775,1),
(860,776,1),
(861,777,1),
(862,778,1),
(863,779,1),
(864,780,2),
(865,781,1),
(866,781,7),
(867,782,1),
(868,783,1),
(869,784,1),
(870,785,1),
(871,786,1),
(872,787,1),
(873,788,1),
(874,789,3),
(875,790,1),
(876,791,1),
(877,792,1),
(878,793,1),
(879,794,1),
(880,795,1),
(881,796,3),
(882,797,1),
(883,798,1),
(884,799,3),
(885,800,1),
(886,801,1),
(887,802,1),
(888,803,1),
(889,804,4),
(890,805,1),
(891,806,1),
(892,807,1),
(893,808,3),
(894,809,1),
(895,810,1),
(896,811,1),
(897,812,3),
(898,813,1),
(899,814,4),
(900,815,3),
(901,816,1),
(902,817,3),
(903,818,1),
(904,819,1),
(905,820,1),
(906,821,1),
(907,822,1),
(908,823,1),
(909,824,1),
(910,825,1),
(911,826,1),
(912,827,1),
(913,828,1),
(914,829,1),
(915,830,1),
(916,831,4),
(917,832,1),
(918,833,1),
(919,834,1),
(920,834,2),
(921,834,3),
(922,834,4),
(923,835,3),
(924,836,1),
(925,837,3),
(926,838,1),
(927,839,1),
(928,840,1),
(929,841,1),
(930,842,1),
(931,843,1),
(932,844,1),
(933,845,1),
(934,846,1),
(935,847,1),
(936,848,1),
(937,849,1),
(938,850,3),
(939,851,1),
(940,851,4),
(941,852,3);
/*!40000 ALTER TABLE `CitaServicio` ENABLE KEYS */;
UNLOCK TABLES;
commit;

--
-- Table structure for table `Servicio`
--

DROP TABLE IF EXISTS `Servicio`;
/*!40101 SET @saved_cs_client     = @@character_set_client */;
/*!40101 SET character_set_client = utf8mb4 */;
CREATE TABLE `Servicio` (
  `id` int(11) NOT NULL AUTO_INCREMENT,
  `nombre` varchar(191) NOT NULL,
  `duracion` int(11) NOT NULL,
  `precio` decimal(10,2) NOT NULL,
  `createdAt` datetime(3) NOT NULL DEFAULT current_timestamp(3),
  `updatedAt` datetime(3) NOT NULL DEFAULT current_timestamp(3) ON UPDATE current_timestamp(3),
  `businessId` int(11) NOT NULL DEFAULT 1,
  PRIMARY KEY (`id`),
  KEY `Servicio_businessId_idx` (`businessId`),
  CONSTRAINT `Servicio_businessId_fkey` FOREIGN KEY (`businessId`) REFERENCES `Business` (`id`) ON UPDATE CASCADE
) ENGINE=InnoDB AUTO_INCREMENT=61 DEFAULT CHARSET=utf8mb4 COLLATE=utf8mb4_unicode_ci;
/*!40101 SET character_set_client = @saved_cs_client */;

--
-- Dumping data for table `Servicio`
--

LOCK TABLES `Servicio` WRITE;
/*!40000 ALTER TABLE `Servicio` DISABLE KEYS */;
set autocommit=0;
INSERT INTO `Servicio` VALUES
(1,'Corte de cabello',30,200.00,'2025-11-27 16:51:07.324','2025-11-27 16:51:07.324',1),
(2,'Barba',30,150.00,'2025-11-27 16:51:26.087','2025-11-27 16:51:26.087',1),
(3,'Corte y Barba',60,300.00,'2025-11-27 16:51:47.212','2025-11-27 16:51:47.212',1),
(4,'Delineado',30,100.00,'2025-11-27 17:11:14.360','2025-11-27 17:11:14.360',1),
(5,'Diseño',15,100.00,'2025-11-27 17:11:37.059','2025-11-27 17:11:37.059',1),
(6,'Exfoliación',10,100.00,'2025-11-27 17:12:10.950','2025-11-27 17:12:10.950',1),
(7,'Mascarilla Negra',20,100.00,'2025-11-27 17:12:41.211','2025-11-27 17:12:41.211',1),
(8,'Microblading Cejas',120,2000.00,'2025-11-28 19:07:33.015','2025-11-28 19:07:33.015',2),
(9,'Ceja híbrida',120,2300.00,'2025-11-28 19:07:53.997','2025-11-28 19:07:53.997',2),
(10,'Efecto polvo',120,2300.00,'2025-11-28 19:08:12.780','2025-11-28 19:08:12.780',2),
(11,'Laminado de ceja',60,300.00,'2025-11-28 19:08:34.200','2025-11-28 19:08:34.200',2),
(12,'Diseño y depilación de ceja',20,200.00,'2025-11-28 19:08:56.714','2025-11-28 19:08:56.714',2),
(13,'Valoración de ceja',30,200.00,'2025-11-28 19:09:27.365','2025-11-28 19:09:27.365',2),
(14,'Velvet lips 💋',180,2500.00,'2025-11-28 19:10:53.637','2025-11-28 19:10:53.637',2),
(15,'Depilación Sugarin Piernas 🍯',150,550.00,'2025-11-28 19:11:48.246','2025-11-28 19:11:48.246',2),
(16,'Depilación Sugarin Brazos 🍯',60,400.00,'2025-11-28 19:12:05.494','2025-11-28 19:12:05.494',2),
(17,'Depilación Sugarin Cara🍯',30,350.00,'2025-11-28 19:12:21.031','2025-11-28 19:12:21.031',2),
(18,'Depilación Sugarin Bikini🍯',35,400.00,'2025-11-28 19:12:49.498','2025-11-28 19:12:49.498',2),
(19,'Depilación Sugarin Espalda 🍯',150,550.00,'2025-11-28 19:13:13.700','2025-11-28 19:13:13.700',2),
(20,'Depilación Sugarin Axila 🍯',20,250.00,'2025-11-28 19:13:39.573','2025-11-28 19:13:39.573',2),
(21,'Depilación Sugarin Media pierna🍯',30,400.00,'2025-11-28 19:14:04.359','2025-11-28 19:14:04.359',2),
(22,'Perfecciónamiento de Cejas ✨',90,800.00,'2025-11-28 19:59:48.693','2025-11-28 20:00:13.648',2),
(23,'Consulta Por Primera Vez',30,650.00,'2025-12-29 20:56:03.834','2025-12-29 20:56:03.834',3),
(24,'Consulta de Recién Nacido',40,650.00,'2025-12-29 20:56:48.094','2025-12-29 20:56:48.094',3),
(25,'Consulta de Seguimiento',20,350.00,'2025-12-29 20:57:22.391','2025-12-29 20:57:22.391',3),
(26,'TeleConsulta (Asistencia Telefonica)',15,400.00,'2025-12-29 21:00:11.693','2025-12-29 21:00:21.689',3),
(27,'Corte Sencillo',30,150.00,'2026-01-21 21:21:31.609','2026-01-21 21:21:31.609',4),
(28,'Barba',30,100.00,'2026-01-21 21:21:44.307','2026-01-21 21:21:44.307',4),
(29,'Corte Premium',60,200.00,'2026-01-21 21:22:07.706','2026-01-21 21:22:07.706',4),
(30,'Terapia de imanes',60,500.00,'2026-03-07 22:33:29.839','2026-03-07 22:33:29.839',5),
(31,'Terapia con Antenas',60,1000.00,'2026-03-07 22:33:59.232','2026-03-07 22:33:59.232',5),
(32,'Terapia de Liberación',60,1000.00,'2026-03-07 22:34:15.737','2026-03-07 22:34:15.737',5),
(33,'Terapia de Desintoxicación',60,350.00,'2026-03-07 22:34:50.008','2026-03-07 22:34:50.008',5),
(34,'1/2 Bote de Oxígeno',60,500.00,'2026-03-07 22:37:37.730','2026-03-07 22:37:37.730',5),
(35,'1 Bote de Oxígeno',60,1000.00,'2026-03-07 22:40:39.340','2026-03-07 22:40:39.340',5),
(36,'Acupuntura',60,500.00,'2026-03-07 22:41:07.644','2026-03-07 22:41:07.644',5),
(37,'DMSO Básico',60,350.00,'2026-03-07 22:41:43.636','2026-03-07 22:41:43.636',5),
(38,'DMSO Avánzado',60,500.00,'2026-03-07 22:42:19.734','2026-03-07 22:42:19.734',5),
(39,'CDS',60,350.00,'2026-03-07 22:42:32.466','2026-03-07 22:42:32.466',5),
(40,'Suero de Vida',60,2000.00,'2026-03-07 22:42:59.467','2026-03-07 22:42:59.467',5),
(41,'Suero ultravid',60,10000.00,'2026-03-07 22:43:26.916','2026-03-07 22:43:26.916',5),
(42,'Glutation',60,5000.00,'2026-03-07 22:43:46.656','2026-03-07 22:43:46.656',5),
(43,'Parches Kinoki Desintoxicantes',60,300.00,'2026-03-07 22:44:02.951','2026-03-07 22:44:02.951',5),
(44,'Fumigación Residencial Básica (cucarachas, hormigas, arañas)',30,600.00,'2026-03-17 20:14:00.225','2026-03-17 20:14:59.353',6),
(45,'Fumigación Residencial Completa (Enfoque en infestaciones moderadas)',60,900.00,'2026-03-17 20:15:52.271','2026-03-17 20:15:52.271',6),
(46,'Control de Roedores (Colocación de trampas + seguimiento)',90,1200.00,'2026-03-17 20:16:22.379','2026-03-17 20:16:22.379',6),
(47,'Fumigación para Negocios',120,1500.00,'2026-03-17 20:17:08.623','2026-03-17 20:17:08.623',6),
(51,'Corte de cabello',45,250.00,'2026-03-29 22:09:55.906','2026-03-29 22:09:55.906',7),
(52,'Arreglo de Barba',30,200.00,'2026-03-29 22:10:33.919','2026-03-29 22:10:33.919',7),
(53,'Arreglo de Ceja',15,50.00,'2026-03-29 22:11:00.385','2026-03-29 22:11:00.385',7),
(54,'Facial',15,80.00,'2026-03-29 22:12:10.286','2026-03-29 22:12:10.286',7),
(55,'Asesoría + Corte de Cabello',60,250.00,'2026-03-29 22:13:35.541','2026-03-29 22:13:35.541',7),
(56,'Corte de Cabello y Arreglo de Barba',60,350.00,'2026-03-29 22:14:33.665','2026-03-29 22:14:33.665',7),
(57,'Corte de Cabello y Arreglo de ceja',45,280.00,'2026-03-29 22:16:21.391','2026-03-29 22:16:21.391',7),
(58,'Arreglo de Ceja y Facial',30,120.00,'2026-03-29 22:16:53.073','2026-03-29 22:16:53.073',7),
(59,'Arreglo de Barba y Facial',45,250.00,'2026-03-29 22:17:17.478','2026-03-29 22:17:17.478',7),
(60,'Corte de Cabello y Facial',60,320.00,'2026-03-29 22:17:54.423','2026-03-29 22:17:54.423',7);
/*!40000 ALTER TABLE `Servicio` ENABLE KEYS */;
UNLOCK TABLES;
commit;

--
-- Table structure for table `User`
--

DROP TABLE IF EXISTS `User`;
/*!40101 SET @saved_cs_client     = @@character_set_client */;
/*!40101 SET character_set_client = utf8mb4 */;
CREATE TABLE `User` (
  `id` int(11) NOT NULL AUTO_INCREMENT,
  `username` varchar(191) NOT NULL,
  `passwordHash` varchar(191) NOT NULL,
  `passwordPlain` varchar(191) NOT NULL,
  `telefono` varchar(191) DEFAULT NULL,
  `role` enum('ADMIN','BARBER') NOT NULL DEFAULT 'BARBER',
  `createdAt` datetime(3) NOT NULL DEFAULT current_timestamp(3),
  `updatedAt` datetime(3) NOT NULL DEFAULT current_timestamp(3) ON UPDATE current_timestamp(3),
  `businessId` int(11) NOT NULL DEFAULT 1,
  PRIMARY KEY (`id`),
  UNIQUE KEY `User_username_key` (`username`),
  KEY `User_role_idx` (`role`),
  KEY `User_businessId_idx` (`businessId`),
  CONSTRAINT `User_businessId_fkey` FOREIGN KEY (`businessId`) REFERENCES `Business` (`id`) ON UPDATE CASCADE
) ENGINE=InnoDB AUTO_INCREMENT=21 DEFAULT CHARSET=utf8mb4 COLLATE=utf8mb4_unicode_ci;
/*!40101 SET character_set_client = @saved_cs_client */;

--
-- Dumping data for table `User`
--

LOCK TABLES `User` WRITE;
/*!40000 ALTER TABLE `User` DISABLE KEYS */;
set autocommit=0;
INSERT INTO `User` VALUES
(2,'André Rentería','$2b$10$9FwNSKNB/.RP.aSuV.Y9zes5jDfNBaXW5Opd8teNSqaxGJhaHObTm','AgendaOlimpo2025','6145471908','ADMIN','2025-11-26 20:37:27.411','2025-12-05 23:07:01.032',1),
(3,'Barbero Axel','$2b$10$xjoVhWUySGulK6TfqNLoVexM91v0gKnN7aDmc8./CtGxKmX6EwQmm','OlimpoAxel123','6141006904','BARBER','2025-11-27 16:50:22.538','2025-12-11 20:41:11.606',1),
(4,'Barbero André','$2b$10$mwpQl1Ix3woB2gnZzksvn.Oi6MyE5I4PmAHwoPb2luwEG.b6AdqlS','AgendaOlimpo2025','6145471908','BARBER','2025-11-27 17:09:13.921','2025-11-27 23:55:41.233',1),
(5,'Giovanni Melendez','$2b$10$v9N116aA.FLAtgLc1v6VauYWQqU.YQ.dZX6Mpj9WuAZ/pyx7WKnW2','Olimpo123','6144050945','BARBER','2025-11-27 17:53:29.167','2026-02-17 00:26:39.913',1),
(6,'Julian','$2b$10$F6OYxy5UhQLDbHhoOvgEhufjqefHUT3fU8Lr5dXVrFPL9XEj51r6S','Olimpo123','6147931777','BARBER','2025-11-27 17:56:50.978','2025-11-27 23:56:09.635',1),
(7,'Unica','$2b$10$QYdnyrmFc/4hZ9EuSC8tGO2kg/qg5.Wxf21exiWJtWK55EfdCIgki','AgendaUnica2025','6145144224','ADMIN','2025-11-28 19:01:06.652','2025-11-28 19:01:06.652',2),
(8,'Azucena','$2b$10$oukGWheoQVOA3lhUVdAzs.tLnCrHTxAUYKfV/OCCBwjBuqo9jgaY6','AgendaUnica2025','6145144224','BARBER','2025-11-28 19:03:12.474','2025-11-28 19:03:12.474',2),
(9,'Azucena Cuauhtemoc','$2b$10$.gQHas9ha2D8yCpa2W356OYELjWY8AO9W4tLRjk/1Kw25JvgTPMXW','AgendaUnica2025','6145144224','BARBER','2025-11-28 19:04:46.169','2025-11-28 19:04:46.169',2),
(10,'Dra. Sandra Caraveo ','$2b$10$W3gw0aZgvtEtAD3Spbd8Yu4TZLzUo5OQJDoSo6ul7TYIxruVNmNi2','Alebrije2026','6143548729','ADMIN','2025-12-29 20:51:20.796','2025-12-29 20:51:20.796',3),
(11,'TeleConsulta','$2b$10$2R7m79HQIT.MXIiT2GGFqOHPN2IpO9auW8QXd.KZZR3amMv9hccVm','Alebrije2026','6143548729','BARBER','2025-12-29 20:54:24.893','2025-12-29 20:54:24.893',3),
(12,'Dra. Sandra Caraveo (Usuario)','$2b$10$vI6hnc4RQINujzwty4otqOKW1nuaC5UynqfqTyNIVQ2uDgPEWrRyO','Alebrije2026','6143548729','BARBER','2025-12-29 21:05:21.475','2025-12-29 21:05:21.475',3),
(13,'Octane','$2b$10$9Y.usBPVvH8YI0o8pYRdTephspf6D68UTSU6ZNZGf3fngDlskcgSW','Octane1234','6271310248','ADMIN','2026-01-21 21:21:01.610','2026-01-21 21:21:01.610',4),
(14,'Alex Baca','$2b$10$ptufD5NFgcdAF8QWWpPFA.8f7VdPXBYwlcb1lsCA3N2xa.9cqWnnO','Octane1234','6271310248','BARBER','2026-01-21 21:23:28.107','2026-01-21 21:23:28.107',4),
(15,'kintsugui','$2b$10$lpNtZH8PAbSINyECjbcjZuuluZMLWXCJDYKeSJvMDwPyDwpcKWyju','AgendaKintsugui2026#','+526142801173','ADMIN','2026-03-07 22:25:57.745','2026-03-07 22:25:57.745',5),
(16,'Ingrid Hernandez','$2b$10$EIy/zKW63EzVEECPORcEEOWfzKAZJVJPcpalNnwtKk4eDMyBq9baK','AgendaKintsugui2026#','+5216142801173','BARBER','2026-03-07 22:30:30.927','2026-03-07 22:30:30.927',5),
(17,'Ingrid Hernandez Delicias','$2b$10$fhWDsi3okPTW9w5TRB8.b.VrFSw36LbtmPrMR73uWkhK2jVziZAIe','AgendaKintsugui2026#','+526142801173','BARBER','2026-03-07 22:32:11.432','2026-03-07 22:32:11.432',5),
(18,'Total','$2b$10$/VAWKR/2YcWHOiNmD3Qjd.UkFj6agyU50TQ8z3NN3vREw2qR4h/UK','ControlTotal2026#','526141977437','ADMIN','2026-03-17 20:07:02.933','2026-03-17 20:07:02.933',6),
(19,'Fumigacion','$2b$10$jFHQMEpo7dzDhHftqENozOkGBDfItq2JN1xMw1fWSKaXm.yR5MKE2','FumigacionTotal2026#','+526141977437','BARBER','2026-03-17 20:10:56.232','2026-03-17 20:10:56.232',6),
(20,'alejandroderete220@gmail.com','$2b$10$AbgOU7Wso6Hrm/xMlr6hgu23op9q/oX7Am/.ySVK5bhwZ.sm2q.IG','Berlin6144157548','6145327487','ADMIN','2026-03-29 07:33:01.951','2026-03-29 07:33:01.951',7);
/*!40000 ALTER TABLE `User` ENABLE KEYS */;
UNLOCK TABLES;
commit;

--
-- Table structure for table `_prisma_migrations`
--

DROP TABLE IF EXISTS `_prisma_migrations`;
/*!40101 SET @saved_cs_client     = @@character_set_client */;
/*!40101 SET character_set_client = utf8mb4 */;
CREATE TABLE `_prisma_migrations` (
  `id` varchar(36) NOT NULL,
  `checksum` varchar(64) NOT NULL,
  `finished_at` datetime(3) DEFAULT NULL,
  `migration_name` varchar(255) NOT NULL,
  `logs` text DEFAULT NULL,
  `rolled_back_at` datetime(3) DEFAULT NULL,
  `started_at` datetime(3) NOT NULL DEFAULT current_timestamp(3),
  `applied_steps_count` int(10) unsigned NOT NULL DEFAULT 0,
  PRIMARY KEY (`id`)
) ENGINE=InnoDB DEFAULT CHARSET=utf8mb4 COLLATE=utf8mb4_unicode_ci;
/*!40101 SET character_set_client = @saved_cs_client */;

--
-- Dumping data for table `_prisma_migrations`
--

LOCK TABLES `_prisma_migrations` WRITE;
/*!40000 ALTER TABLE `_prisma_migrations` DISABLE KEYS */;
set autocommit=0;
INSERT INTO `_prisma_migrations` VALUES
('1cff5382-5095-494a-834b-12163a101bd6','56e7020675517d487b0849e318a978074bbcfd5e6cc8b0b1767f9ad3f1ba53ad','2025-11-27 23:43:05.133','20251127231113_multi_service_support',NULL,NULL,'2025-11-27 23:43:04.961',1),
('267a1966-707f-4af3-8f9e-fdad6c890aff','117a8d21477a1671f0adeec9e559718037e84639cfcca82fc6ec7615f272420d','2025-11-26 18:57:53.440','20251125230421_init_multi_tenancy',NULL,NULL,'2025-11-26 18:57:53.232',1),
('5a4ef6ad-ee53-4b58-8438-c61135963979','07a9f5910d7016e9136c94225609d88fba69bbf8b66beab07ecf8707338888b5','2025-11-26 18:39:11.623','20240611170000_remove_service_description',NULL,NULL,'2025-11-26 18:39:11.612',1),
('ad571517-c141-409d-9380-43896fb979db','05eca73b9e11209ad647802dc89ef9efe3a5beb170b2e53833a8958416f2c252','2025-11-26 18:57:53.487','20251126010212_add_giro_to_business',NULL,NULL,'2025-11-26 18:57:53.441',1),
('dfe0db4e-9edb-4cc8-a1ab-a85c71c328aa','c168bf7484797b52347481eab7a5d7f3af8c6c8b36c4f35ccc507e860a33475f',NULL,'20251023052405_init','A migration failed to apply. New migrations cannot be applied before the error is recovered from. Read more about how to resolve migration issues in a production database: https://pris.ly/d/migrate-resolve\n\nMigration name: 20251023052405_init\n\nDatabase error code: 1050\n\nDatabase error:\nTable \'Barbero\' already exists\n\nPlease check the query number 1 from the migration file.\n\n   0: sql_schema_connector::apply_migration::apply_script\n           with migration_name=\"20251023052405_init\"\n             at schema-engine/connectors/sql-schema-connector/src/apply_migration.rs:106\n   1: schema_core::commands::apply_migrations::Applying migration\n           with migration_name=\"20251023052405_init\"\n             at schema-engine/core/src/commands/apply_migrations.rs:91\n   2: schema_core::state::ApplyMigrations\n             at schema-engine/core/src/state.rs:226','2025-11-26 18:57:43.142','2025-11-26 18:39:11.623',0),
('e6a6cc7a-ba5c-4323-984b-0bdb7bc44c8a','1157aa565b35ba0b078d809735514c695f990ed2048acf01afb4f5749b0c29ea','2025-11-26 18:39:11.600','20240606120000_init',NULL,NULL,'2025-11-26 18:39:11.501',1),
('f33ae9b3-02e7-4660-ac83-7d9be64e6c18','7df121921adf82ba18dfe7ea313fdbcd22ae934fc45c655e92953c691b573a09','2025-11-26 18:39:11.611','20240610150000_add_service_description',NULL,NULL,'2025-11-26 18:39:11.601',1);
/*!40000 ALTER TABLE `_prisma_migrations` ENABLE KEYS */;
UNLOCK TABLES;
commit;
/*!40103 SET TIME_ZONE=@OLD_TIME_ZONE */;

/*!40101 SET SQL_MODE=@OLD_SQL_MODE */;
/*!40014 SET FOREIGN_KEY_CHECKS=@OLD_FOREIGN_KEY_CHECKS */;
/*!40014 SET UNIQUE_CHECKS=@OLD_UNIQUE_CHECKS */;
/*!40101 SET CHARACTER_SET_CLIENT=@OLD_CHARACTER_SET_CLIENT */;
/*!40101 SET CHARACTER_SET_RESULTS=@OLD_CHARACTER_SET_RESULTS */;
/*!40101 SET COLLATION_CONNECTION=@OLD_COLLATION_CONNECTION */;
/*M!100616 SET NOTE_VERBOSITY=@OLD_NOTE_VERBOSITY */;

-- Dump completed on 2026-04-18  4:15:06
